Start,Stop,,Start_formatted,Stop_formatted,Speaker,Actual,Clarity
9.4584375,11.4834375,,0 days 00:00:09.458438,0 days 00:00:11.483438,3,none,none
19.4653125,19.6171875,,0 days 00:00:19.465312,0 days 00:00:19.617188,7,tied up man,Non-verbal
37.3528125,37.9434375,,0 days 00:00:37.352813,0 days 00:00:37.943438,6,tied up man,
40.3565625,43.3771875,,0 days 00:00:40.356563,0 days 00:00:43.377188,13,tied up man,
45.2840625,51.1228125,,0 days 00:00:45.284063,0 days 00:00:51.122813,6,tied up man,
52.7934375,57.6028125,,0 days 00:00:52.793438,0 days 00:00:57.602813,6,tied up man,
59.2059375,63.1715625,,0 days 00:00:59.205938,0 days 00:01:03.171563,6,tied up man,
75.7771875,76.3509375,,0 days 00:01:15.777187,0 days 00:01:16.350938,6,tied up man,
76.4521875,77.5828125,,0 days 00:01:16.452187,0 days 00:01:17.582813,6,tied up man,
80.4178125,82.2403125,,0 days 00:01:20.417812,0 days 00:01:22.240313,6,tied up man,
82.7803125,84.2315625,,0 days 00:01:22.780312,0 days 00:01:24.231562,6,tied up man,
85.9528125,86.5096875,,0 days 00:01:25.952813,0 days 00:01:26.509687,6,tied up man,
88.5515625,91.6059375,,0 days 00:01:28.551563,0 days 00:01:31.605937,6,tied up man,
91.7240625,91.9434375,,0 days 00:01:31.724063,0 days 00:01:31.943438,6,tied up man,
91.9434375,92.9221875,,0 days 00:01:31.943438,0 days 00:01:32.922188,18,Frank,
95.1834375,98.4403125,,0 days 00:01:35.183437,0 days 00:01:38.440313,6,tied up man,
98.4403125,98.7778125,,0 days 00:01:38.440313,0 days 00:01:38.777812,18,Frank,
98.7778125,98.8790625,,0 days 00:01:38.777812,0 days 00:01:38.879063,6,none,
107.9578125,110.4890625,,0 days 00:01:47.957813,0 days 00:01:50.489063,3,none,alarm
117.8465625,121.7784375,,0 days 00:01:57.846563,0 days 00:02:01.778437,6,tied up man, + Frank
122.3184375,126.2165625,,0 days 00:02:02.318438,0 days 00:02:06.216562,6,tied up man,
127.2290625,128.4440625,,0 days 00:02:07.229062,0 days 00:02:08.444063,6,tied up man,
128.4609375,128.4946875,,0 days 00:02:08.460938,0 days 00:02:08.494687,6,tied up man,
128.9503125,132.7134375,,0 days 00:02:08.950312,0 days 00:02:12.713437,6,tied up man,
135.2109375,136.5440625,,0 days 00:02:15.210938,0 days 00:02:16.544062,6,tied up man,+ Frank
137.4721875,141.7753125,,0 days 00:02:17.472188,0 days 00:02:21.775312,6,tied up man,+ Frank
142.9734375,144.4246875,,0 days 00:02:22.973437,0 days 00:02:24.424688,6,tied up man,
149.9596875,150.2465625,,0 days 00:02:29.959688,0 days 00:02:30.246562,3,none,alarm
150.4490625,150.4828125,,0 days 00:02:30.449063,0 days 00:02:30.482813,3,none,alarm
151.4615625,152.2884375,,0 days 00:02:31.461563,0 days 00:02:32.288437,3,tied up man,
231.4828125,231.4996875,,0 days 00:03:51.482812,0 days 00:03:51.499687,1,tied up man,yelling
231.4996875,231.5165625,,0 days 00:03:51.499687,0 days 00:03:51.516562,3,none,alarm
231.9553125,232.0565625,,0 days 00:03:51.955312,0 days 00:03:52.056563,3,none,alarm
233.4403125,236.9840625,,0 days 00:03:53.440313,0 days 00:03:56.984062,6,tied up man,
239.3296875,239.3803125,,0 days 00:03:59.329688,0 days 00:03:59.380313,1,tied up man,
239.4646875,239.4815625,,0 days 00:03:59.464688,0 days 00:03:59.481562,1,tied up man,
239.5490625,239.5659375,,0 days 00:03:59.549062,0 days 00:03:59.565937,1,tied up man,
239.6334375,239.6671875,,0 days 00:03:59.633438,0 days 00:03:59.667188,1,tied up man,
239.6840625,239.7178125,,0 days 00:03:59.684063,0 days 00:03:59.717813,1,tied up man,
246.4509375,248.9484375,,0 days 00:04:06.450938,0 days 00:04:08.948438,18,Frank,
248.9484375,249.2521875,,0 days 00:04:08.948438,0 days 00:04:09.252187,6,tied up man,
261.2334375,262.4821875,,0 days 00:04:21.233438,0 days 00:04:22.482188,1,tied up man,
262.6846875,264.8615625,,0 days 00:04:22.684688,0 days 00:04:24.861563,1,Frank,
287.7609375,290.6803125,,0 days 00:04:47.760938,0 days 00:04:50.680313,18,Frank,
301.2103125,301.7334375,,0 days 00:05:01.210313,0 days 00:05:01.733438,18,Frank,
301.7334375,303.6571875,,0 days 00:05:01.733438,0 days 00:05:03.657188,6,tied up man,
313.3771875,315.8071875,,0 days 00:05:13.377188,0 days 00:05:15.807188,6,tied up man,
316.2628125,316.4484375,,0 days 00:05:16.262813,0 days 00:05:16.448438,6,Frank,
316.4484375,316.6171875,,0 days 00:05:16.448438,0 days 00:05:16.617188,13,Frank,
319.3678125,321.1059375,,0 days 00:05:19.367813,0 days 00:05:21.105938,18,Frank,
324.8015625,326.5734375,,0 days 00:05:24.801563,0 days 00:05:26.573438,1,tied up man,
326.9784375,326.9953125,,0 days 00:05:26.978438,0 days 00:05:26.995313,1,tied up man,
327.0121875,331.0790625,,0 days 00:05:27.012188,0 days 00:05:31.079063,1,tied up man,
335.9559375,337.0528125,,0 days 00:05:35.955938,0 days 00:05:37.052813,13,tied up man,
338.4534375,339.9890625,,0 days 00:05:38.453438,0 days 00:05:39.989063,13,tied up man,
342.2165625,343.2965625,,0 days 00:05:42.216563,0 days 00:05:43.296563,6,tied up man,
343.9546875,343.9884375,,0 days 00:05:43.954688,0 days 00:05:43.988438,6,tied up man,
345.4565625,345.5071875,,0 days 00:05:45.456563,0 days 00:05:45.507188,7,tied up man,pain sound
345.5071875,346.0978125,,0 days 00:05:45.507188,0 days 00:05:46.097813,1,tied up man,
352.8646875,353.4215625,,0 days 00:05:52.864688,0 days 00:05:53.421563,1,Frank,
354.0121875,354.3496875,,0 days 00:05:54.012188,0 days 00:05:54.349688,1,tied up man,
354.4509375,354.4846875,,0 days 00:05:54.450938,0 days 00:05:54.484688,1,tied up man,
355.1765625,355.4634375,,0 days 00:05:55.176563,0 days 00:05:55.463438,1,Frank,
355.4803125,355.4971875,,0 days 00:05:55.480313,0 days 00:05:55.497188,1,Frank,
355.5815625,355.6321875,,0 days 00:05:55.581563,0 days 00:05:55.632188,1,Frank,
363.4621875,363.4959375,,0 days 00:06:03.462188,0 days 00:06:03.495938,18,Frank,
363.9515625,369.6384375,,0 days 00:06:03.951563,0 days 00:06:09.638438,18,Frank,
370.9378125,373.1484375,,0 days 00:06:10.937813,0 days 00:06:13.148438,18,Frank,
373.4521875,373.4859375,,0 days 00:06:13.452187,0 days 00:06:13.485937,18,Frank,
373.8403125,375.0215625,,0 days 00:06:13.840312,0 days 00:06:15.021563,18,Frank,
390.1753125,395.9971875,,0 days 00:06:30.175313,0 days 00:06:35.997188,18,Frank,
397.2796875,397.9884375,,0 days 00:06:37.279688,0 days 00:06:37.988437,18,Frank,
408.4171875,412.7371875,,0 days 00:06:48.417188,0 days 00:06:52.737188,18,Frank,
413.3446875,415.0153125,,0 days 00:06:53.344688,0 days 00:06:55.015313,18,Frank,
425.0053125,426.0009375,,0 days 00:07:05.005313,0 days 00:07:06.000938,13,tied up man,
427.5703125,429.6459375,,0 days 00:07:07.570313,0 days 00:07:09.645938,13,tied up man,
434.1515625,438.3703125,,0 days 00:07:14.151563,0 days 00:07:18.370313,13,,
439.5684375,441.9984375,,0 days 00:07:19.568438,0 days 00:07:21.998438,13,,
444.6984375,446.7234375,,0 days 00:07:24.698438,0 days 00:07:26.723438,13,,
446.8921875,448.9846875,,0 days 00:07:26.892187,0 days 00:07:28.984688,13,,
449.9128125,450.4696875,,0 days 00:07:29.912812,0 days 00:07:30.469688,13,,
451.7015625,455.4140625,,0 days 00:07:31.701563,0 days 00:07:35.414063,13,,
455.4478125,455.4815625,,0 days 00:07:35.447813,0 days 00:07:35.481563,13,,
455.8865625,457.1859375,,0 days 00:07:35.886563,0 days 00:07:37.185938,13,,
458.4515625,464.5940625,,0 days 00:07:38.451563,0 days 00:07:44.594063,13,,
466.7034375,471.3946875,,0 days 00:07:46.703438,0 days 00:07:51.394687,13,,
471.6646875,473.5546875,,0 days 00:07:51.664688,0 days 00:07:53.554688,13,,
477.4865625,479.2246875,,0 days 00:07:57.486563,0 days 00:07:59.224688,13,,
483.3590625,484.4728125,,0 days 00:08:03.359063,0 days 00:08:04.472812,13,,
487.3584375,488.6409375,,0 days 00:08:07.358437,0 days 00:08:08.640938,13,,
489.4509375,491.5096875,,0 days 00:08:09.450938,0 days 00:08:11.509687,7,,
491.7290625,493.2815625,,0 days 00:08:11.729063,0 days 00:08:13.281563,7,,
493.3490625,503.6765625,,0 days 00:08:13.349063,0 days 00:08:23.676563,13,,
503.7103125,503.7440625,,0 days 00:08:23.710312,0 days 00:08:23.744062,13,,
503.7440625,508.7559375,,0 days 00:08:23.744062,0 days 00:08:28.755938,7,,
509.6503125,510.9496875,,0 days 00:08:29.650312,0 days 00:08:30.949687,13,,
510.8821875,512.2321875,,0 days 00:08:30.882187,0 days 00:08:32.232188,7,,
512.7384375,512.7721875,,0 days 00:08:32.738438,0 days 00:08:32.772188,7,,
512.9578125,512.9746875,,0 days 00:08:32.957813,0 days 00:08:32.974688,7,,
512.9915625,514.1559375,,0 days 00:08:32.991562,0 days 00:08:34.155938,7,,
515.6578125,517.8178125,,0 days 00:08:35.657813,0 days 00:08:37.817813,7,,
519.5053125,523.8759375,,0 days 00:08:39.505313,0 days 00:08:43.875938,7,,
526.3228125,526.8796875,,0 days 00:08:46.322813,0 days 00:08:46.879688,7,,
526.8965625,526.9303125,,0 days 00:08:46.896563,0 days 00:08:46.930313,7,,
527.0315625,528.2971875,,0 days 00:08:47.031563,0 days 00:08:48.297188,7,,
529.6809375,532.0434375,,0 days 00:08:49.680938,0 days 00:08:52.043438,7,,
533.3765625,541.1390625,,0 days 00:08:53.376563,0 days 00:09:01.139063,7,,
543.5859375,547.1465625,,0 days 00:09:03.585938,0 days 00:09:07.146563,7,,
548.5134375,550.6228125,,0 days 00:09:08.513438,0 days 00:09:10.622813,7,,
550.6228125,552.4959375,,0 days 00:09:10.622813,0 days 00:09:12.495938,13,,
550.6565625,550.7409375,,0 days 00:09:10.656563,0 days 00:09:10.740938,7,,
559.6340625,561.0684375,,0 days 00:09:19.634063,0 days 00:09:21.068438,13,,
561.3721875,561.7771875,,0 days 00:09:21.372187,0 days 00:09:21.777188,7,,
562.9415625,568.0715625,,0 days 00:09:22.941563,0 days 00:09:28.071563,7,,
568.6284375,569.4890625,,0 days 00:09:28.628438,0 days 00:09:29.489063,7,,
570.0796875,570.8390625,,0 days 00:09:30.079688,0 days 00:09:30.839063,7,,
573.3871875,574.2815625,,0 days 00:09:33.387188,0 days 00:09:34.281563,7,,
578.3484375,581.7403125,,0 days 00:09:38.348438,0 days 00:09:41.740313,13,,
583.2759375,584.7103125,,0 days 00:09:43.275938,0 days 00:09:44.710313,13,,
585.6384375,589.7390625,,0 days 00:09:45.638438,0 days 00:09:49.739063,13,,
590.3128125,592.4559375,,0 days 00:09:50.312813,0 days 00:09:52.455938,13,,
594.6834375,600.0665625,,0 days 00:09:54.683438,0 days 00:10:00.066563,13,,
605.2809375,605.6353125,,0 days 00:10:05.280938,0 days 00:10:05.635313,7,,
608.2678125,608.3015625,,0 days 00:10:08.267813,0 days 00:10:08.301563,7,,
608.3353125,608.4196875,,0 days 00:10:08.335313,0 days 00:10:08.419688,7,,
611.1028125,611.4740625,,0 days 00:10:11.102813,0 days 00:10:11.474063,3,,
615.3890625,616.4015625,,0 days 00:10:15.389063,0 days 00:10:16.401563,7,,
617.7684375,619.1184375,,0 days 00:10:17.768438,0 days 00:10:19.118438,7,,
658.7746875,659.5846875,,0 days 00:10:58.774688,0 days 00:10:59.584688,7,,
684.0028125,684.8971875,,0 days 00:11:24.002813,0 days 00:11:24.897188,5,,
685.4371875,685.8253125,,0 days 00:11:25.437188,0 days 00:11:25.825313,5,,
688.2046875,689.9428125,,0 days 00:11:28.204688,0 days 00:11:29.942813,11,,
689.9428125,694.4653125,,0 days 00:11:29.942813,0 days 00:11:34.465313,6,,
694.5496875,699.4434375,,0 days 00:11:34.549688,0 days 00:11:39.443438,7,,
695.5284375,696.5071875,,0 days 00:11:35.528438,0 days 00:11:36.507188,6,,
696.5071875,697.8403125,,0 days 00:11:36.507188,0 days 00:11:37.840313,13,,
699.4434375,706.6828125,,0 days 00:11:39.443438,0 days 00:11:46.682813,13,,
703.2065625,704.0503125,,0 days 00:11:43.206563,0 days 00:11:44.050313,7,,
704.0503125,704.0840625,,0 days 00:11:44.050313,0 days 00:11:44.084063,3,,
707.3915625,708.3028125,,0 days 00:11:47.391563,0 days 00:11:48.302813,13,,
708.3703125,708.8259375,,0 days 00:11:48.370313,0 days 00:11:48.825938,13,,
709.7203125,711.4078125,,0 days 00:11:49.720313,0 days 00:11:51.407813,1,,
711.4078125,714.5803125,,0 days 00:11:51.407813,0 days 00:11:54.580313,13,,
715.0696875,717.1621875,,0 days 00:11:55.069688,0 days 00:11:57.162188,13,,
717.4659375,718.5290625,,0 days 00:11:57.465938,0 days 00:11:58.529063,7,,
721.1278125,723.0346875,,0 days 00:12:01.127813,0 days 00:12:03.034688,7,,
723.2203125,724.0978125,,0 days 00:12:03.220313,0 days 00:12:04.097813,7,,
724.4690625,727.3884375,,0 days 00:12:04.469063,0 days 00:12:07.388438,13,,
727.3884375,727.5065625,,0 days 00:12:07.388438,0 days 00:12:07.506563,7,,
727.5065625,728.6034375,,0 days 00:12:07.506563,0 days 00:12:08.603438,1,,
728.6034375,728.9578125,,0 days 00:12:08.603438,0 days 00:12:08.957813,13,,
728.9578125,731.1178125,,0 days 00:12:08.957813,0 days 00:12:11.117813,1,,
732.1640625,735.3028125,,0 days 00:12:12.164063,0 days 00:12:15.302813,6,,
735.1678125,737.9859375,,0 days 00:12:15.167813,0 days 00:12:17.985938,7,,
767.9221875,770.0146875,,0 days 00:12:47.922188,0 days 00:12:50.014688,1,,
770.0146875,775.8196875,,0 days 00:12:50.014688,0 days 00:12:55.819688,6,,
775.8196875,781.9959375,,0 days 00:12:55.819688,0 days 00:13:01.995938,1,,
781.9959375,785.4215625,,0 days 00:13:01.995938,0 days 00:13:05.421563,6,,
786.3834375,787.4465625,,0 days 00:13:06.383438,0 days 00:13:07.446563,6,,
787.4465625,796.9809375,,0 days 00:13:07.446563,0 days 00:13:16.980938,1,,
804.8109375,806.4478125,,0 days 00:13:24.810938,0 days 00:13:26.447813,13,,
813.7884375,814.9865625,,0 days 00:13:33.788438,0 days 00:13:34.986563,13,,
816.8596875,823.7446875,,0 days 00:13:36.859688,0 days 00:13:43.744688,13,,
826.1409375,828.8915625,,0 days 00:13:46.140938,0 days 00:13:48.891563,13,,
830.7140625,832.1146875,,0 days 00:13:50.714063,0 days 00:13:52.114688,18,,
834.0384375,835.2871875,,0 days 00:13:54.038438,0 days 00:13:55.287188,18,,
837.4303125,840.6196875,,0 days 00:13:57.430313,0 days 00:14:00.619688,13,,
850.7615625,851.9428125,,0 days 00:14:10.761563,0 days 00:14:11.942813,13,,
851.9596875,854.9465625,,0 days 00:14:11.959688,0 days 00:14:14.946563,13,,
854.9465625,854.9971875,,0 days 00:14:14.946563,0 days 00:14:14.997188,3,,
857.5453125,858.8953125,,0 days 00:14:17.545313,0 days 00:14:18.895313,13,,
864.2109375,865.4259375,,0 days 00:14:24.210938,0 days 00:14:25.425938,16,,
866.2190625,877.5759375,,0 days 00:14:26.219063,0 days 00:14:37.575938,16,,
880.0903125,882.1153125,,0 days 00:14:40.090313,0 days 00:14:42.115313,11,,
883.4315625,888.5953125,,0 days 00:14:43.431563,0 days 00:14:48.595313,11,,
888.6290625,891.5146875,,0 days 00:14:48.629063,0 days 00:14:51.514688,16,,
894.6703125,896.3578125,,0 days 00:14:54.670313,0 days 00:14:56.357813,16,,
898.9059375,901.0321875,,0 days 00:14:58.905938,0 days 00:15:01.032187,11,,
903.6478125,910.5665625,,0 days 00:15:03.647812,0 days 00:15:10.566563,16,,
912.3215625,912.8953125,,0 days 00:15:12.321563,0 days 00:15:12.895313,11,,
914.0596875,914.8865625,,0 days 00:15:14.059687,0 days 00:15:14.886562,11,,
936.0815625,937.3303125,,0 days 00:15:36.081563,0 days 00:15:37.330312,2,,
938.0390625,938.0896875,,0 days 00:15:38.039062,0 days 00:15:38.089687,2,,
938.0896875,938.1065625,,0 days 00:15:38.089687,0 days 00:15:38.106562,9,,
938.1065625,938.4440625,,0 days 00:15:38.106562,0 days 00:15:38.444062,2,,
938.4440625,939.5578125,,0 days 00:15:38.444062,0 days 00:15:39.557812,9,,
939.6421875,942.0215625,,0 days 00:15:39.642187,0 days 00:15:42.021562,9,,
943.7090625,944.7721875,,0 days 00:15:43.709062,0 days 00:15:44.772187,2,,
946.6790625,948.5353125,,0 days 00:15:46.679062,0 days 00:15:48.535313,2,,
949.2103125,949.2271875,,0 days 00:15:49.210312,0 days 00:15:49.227188,2,,
949.2271875,949.2609375,,0 days 00:15:49.227188,0 days 00:15:49.260937,7,,
949.2609375,949.3959375,,0 days 00:15:49.260937,0 days 00:15:49.395937,2,,
949.3959375,949.4803125,,0 days 00:15:49.395937,0 days 00:15:49.480312,7,,
952.0621875,954.4078125,,0 days 00:15:52.062188,0 days 00:15:54.407812,2,,
952.3321875,952.4503125,,0 days 00:15:52.332188,0 days 00:15:52.450312,9,,
958.0528125,958.8796875,,0 days 00:15:58.052812,0 days 00:15:58.879688,9,,
964.3809375,966.4903125,,0 days 00:16:04.380937,0 days 00:16:06.490312,10,,
966.5578125,967.8234375,,0 days 00:16:06.557812,0 days 00:16:07.823437,10,,
971.7384375,972.5821875,,0 days 00:16:11.738438,0 days 00:16:12.582188,9,,
973.6621875,974.9953125,,0 days 00:16:13.662187,0 days 00:16:14.995312,9,,
976.3790625,980.1421875,,0 days 00:16:16.379063,0 days 00:16:20.142187,2,,
980.4459375,983.3146875,,0 days 00:16:20.445938,0 days 00:16:23.314687,2,,
983.8378125,986.0315625,,0 days 00:16:23.837813,0 days 00:16:26.031562,2,,
989.0015625,995.9203125,,0 days 00:16:29.001562,0 days 00:16:35.920313,2,,
995.9203125,997.0003125,,0 days 00:16:35.920313,0 days 00:16:37.000312,9,,
997.0003125,997.0171875,,0 days 00:16:37.000312,0 days 00:16:37.017187,2,,
997.1690625,999.5484375,,0 days 00:16:37.169062,0 days 00:16:39.548437,2,,
1001.2359375,1001.5903125,,0 days 00:16:41.235937,0 days 00:16:41.590312,2,,
1001.5903125,1004.9990625,,0 days 00:16:41.590312,0 days 00:16:44.999063,10,,
1002.3328125,1003.4128125,,0 days 00:16:42.332813,0 days 00:16:43.412812,9,,
1004.9990625,1005.5053125,,0 days 00:16:44.999063,0 days 00:16:45.505312,2,,
1007.4290625,1010.5340625,,0 days 00:16:47.429062,0 days 00:16:50.534063,2,,
1013.7234375,1018.1784375,,0 days 00:16:53.723438,0 days 00:16:58.178437,9,,
1019.3765625,1022.0765625,,0 days 00:16:59.376562,0 days 00:17:02.076563,9,,
1023.0721875,1024.0003125,,0 days 00:17:03.072188,0 days 00:17:04.000313,9,,
1024.0003125,1027.3246875,,0 days 00:17:04.000313,0 days 00:17:07.324687,10,,
1029.5690625,1030.2778125,,0 days 00:17:09.569063,0 days 00:17:10.277812,2,,
1033.2646875,1037.7196875,,0 days 00:17:13.264688,0 days 00:17:17.719688,10,,
1038.4790625,1041.6009375,,0 days 00:17:18.479063,0 days 00:17:21.600938,2,,
1043.7271875,1047.1021875,,0 days 00:17:23.727187,0 days 00:17:27.102187,2,,
1051.4221875,1056.7209375,,0 days 00:17:31.422188,0 days 00:17:36.720938,9,,
1055.8771875,1056.0965625,,0 days 00:17:35.877188,0 days 00:17:36.096563,10,,
1057.7671875,1059.9103125,,0 days 00:17:37.767188,0 days 00:17:39.910312,2,,
1062.3234375,1066.8628125,,0 days 00:17:42.323438,0 days 00:17:46.862813,9,,
1066.9978125,1068.8371875,,0 days 00:17:46.997813,0 days 00:17:48.837188,9,,
1070.2209375,1074.4396875,,0 days 00:17:50.220938,0 days 00:17:54.439688,9,,
1074.4396875,1074.9459375,,0 days 00:17:54.439688,0 days 00:17:54.945937,2,,
1078.2365625,1079.0803125,,0 days 00:17:58.236563,0 days 00:17:59.080313,2,,
1085.0371875,1086.3534375,,0 days 00:18:05.037188,0 days 00:18:06.353438,9,,
1093.5928125,1094.3353125,,0 days 00:18:13.592813,0 days 00:18:14.335313,2,,
1094.4534375,1094.4871875,,0 days 00:18:14.453438,0 days 00:18:14.487188,2,,
1095.8203125,1096.0228125,,0 days 00:18:15.820312,0 days 00:18:16.022813,2,,
1096.0228125,1096.1071875,,0 days 00:18:16.022813,0 days 00:18:16.107188,3,,
1100.5453125,1102.0809375,,0 days 00:18:20.545313,0 days 00:18:22.080938,9,,
1106.0465625,1107.0590625,,0 days 00:18:26.046563,0 days 00:18:27.059062,9,,
1107.0590625,1107.2109375,,0 days 00:18:27.059062,0 days 00:18:27.210938,10,,
1108.2571875,1108.9490625,,0 days 00:18:28.257188,0 days 00:18:28.949063,10,,
1108.9490625,1109.1684375,,0 days 00:18:28.949063,0 days 00:18:29.168437,2,,
1110.9065625,1114.5853125,,0 days 00:18:30.906563,0 days 00:18:34.585313,2,,
1116.2390625,1117.7071875,,0 days 00:18:36.239063,0 days 00:18:37.707187,2,,
1120.4578125,1121.9765625,,0 days 00:18:40.457813,0 days 00:18:41.976562,9,,
1177.4615625,1181.3090625,,0 days 00:19:37.461562,0 days 00:19:41.309062,18,,
1182.0346875,1183.9921875,,0 days 00:19:42.034688,0 days 00:19:43.992188,18,,
1184.2790625,1184.7515625,,0 days 00:19:44.279063,0 days 00:19:44.751563,18,,
1186.0003125,1188.0084375,,0 days 00:19:46.000313,0 days 00:19:48.008437,18,,
1188.0084375,1189.2571875,,0 days 00:19:48.008437,0 days 00:19:49.257188,6,,
1191.1809375,1193.0371875,,0 days 00:19:51.180938,0 days 00:19:53.037188,6,,
1193.4253125,1193.4928125,,0 days 00:19:53.425313,0 days 00:19:53.492812,6,,
1197.7115625,1198.5046875,,0 days 00:19:57.711562,0 days 00:19:58.504688,13,,
1198.5046875,1199.1459375,,0 days 00:19:58.504688,0 days 00:19:59.145938,6,,
1201.5759375,1202.1665625,,0 days 00:20:01.575938,0 days 00:20:02.166563,6,,
1202.1665625,1202.2171875,,0 days 00:20:02.166563,0 days 00:20:02.217188,3,,
1204.3265625,1206.0478125,,0 days 00:20:04.326563,0 days 00:20:06.047813,6,,
1215.1096875,1216.7803125,,0 days 00:20:15.109688,0 days 00:20:16.780313,6,,
1221.1846875,1223.6821875,,0 days 00:20:21.184688,0 days 00:20:23.682188,15,,
1224.2728125,1227.3778125,,0 days 00:20:24.272813,0 days 00:20:27.377813,15,,
1228.4409375,1230.9890625,,0 days 00:20:28.440938,0 days 00:20:30.989063,15,,
1231.3603125,1234.9884375,,0 days 00:20:31.360313,0 days 00:20:34.988437,15,,
1235.0896875,1241.3165625,,0 days 00:20:35.089688,0 days 00:20:41.316562,15,,
1243.1728125,1243.8815625,,0 days 00:20:43.172813,0 days 00:20:43.881563,15,,
1246.1428125,1249.5009375,,0 days 00:20:46.142813,0 days 00:20:49.500938,8,,
1251.0534375,1253.0109375,,0 days 00:20:51.053438,0 days 00:20:53.010938,8,,
1254.5128125,1258.2928125,,0 days 00:20:54.512813,0 days 00:20:58.292813,8,,
1259.8284375,1260.8578125,,0 days 00:20:59.828438,0 days 00:21:00.857813,8,,
1262.5453125,1264.0978125,,0 days 00:21:02.545313,0 days 00:21:04.097812,8,,
1265.4140625,1266.7640625,,0 days 00:21:05.414062,0 days 00:21:06.764063,8,,
1269.5990625,1273.3284375,,0 days 00:21:09.599063,0 days 00:21:13.328438,8,,
1274.2396875,1275.2015625,,0 days 00:21:14.239688,0 days 00:21:15.201563,8,,
1276.3996875,1281.1078125,,0 days 00:21:16.399688,0 days 00:21:21.107813,8,,
1281.1921875,1282.8290625,,0 days 00:21:21.192188,0 days 00:21:22.829063,8,,
1282.8290625,1284.5503125,,0 days 00:21:22.829063,0 days 00:21:24.550313,15,,
1286.0353125,1287.1321875,,0 days 00:21:26.035312,0 days 00:21:27.132188,15,,
1288.2459375,1288.9884375,,0 days 00:21:28.245938,0 days 00:21:28.988437,15,,
1290.2709375,1292.4815625,,0 days 00:21:30.270938,0 days 00:21:32.481563,15,,
1292.7178125,1294.4559375,,0 days 00:21:32.717813,0 days 00:21:34.455938,15,,
1296.9365625,1300.2271875,,0 days 00:21:36.936563,0 days 00:21:40.227187,8,,
1301.4253125,1302.1678125,,0 days 00:21:41.425313,0 days 00:21:42.167813,8,,
1303.7709375,1304.0071875,,0 days 00:21:43.770938,0 days 00:21:44.007188,8,,
1304.0071875,1304.5809375,,0 days 00:21:44.007188,0 days 00:21:44.580938,9,,
1304.9521875,1304.9859375,,0 days 00:21:44.952188,0 days 00:21:44.985938,9,,
1305.4584375,1305.4921875,,0 days 00:21:45.458438,0 days 00:21:45.492188,9,,
1305.6609375,1307.7871875,,0 days 00:21:45.660938,0 days 00:21:47.787188,9,,
1324.4934375,1326.2146875,,0 days 00:22:04.493438,0 days 00:22:06.214688,18,,
1327.1596875,1331.4121875,,0 days 00:22:07.159688,0 days 00:22:11.412188,18,,
1331.4121875,1331.7665625,,0 days 00:22:11.412188,0 days 00:22:11.766563,6,,
1331.7665625,1331.9521875,,0 days 00:22:11.766563,0 days 00:22:11.952188,18,,
1331.9521875,1332.0028125,,0 days 00:22:11.952188,0 days 00:22:12.002813,6,,
1332.0028125,1332.4415625,,0 days 00:22:12.002813,0 days 00:22:12.441562,18,,
1332.4415625,1333.2684375,,0 days 00:22:12.441562,0 days 00:22:13.268438,6,,
1333.2684375,1333.4371875,,0 days 00:22:13.268438,0 days 00:22:13.437188,18,,
1333.4371875,1333.4709375,,0 days 00:22:13.437188,0 days 00:22:13.470938,6,,
1333.4709375,1340.7440625,,0 days 00:22:13.470938,0 days 00:22:20.744063,18,,
1340.9128125,1342.7859375,,0 days 00:22:20.912813,0 days 00:22:22.785938,18,,
1344.0853125,1344.5071875,,0 days 00:22:24.085313,0 days 00:22:24.507188,18,,
1344.5071875,1346.8359375,,0 days 00:22:24.507188,0 days 00:22:26.835938,7,,
1347.1396875,1349.9409375,,0 days 00:22:27.139688,0 days 00:22:29.940938,7,,
1349.9409375,1350.0084375,,0 days 00:22:29.940938,0 days 00:22:30.008437,13,,
1350.0084375,1351.8140625,,0 days 00:22:30.008437,0 days 00:22:31.814063,18,,
1351.8309375,1352.9446875,,0 days 00:22:31.830938,0 days 00:22:32.944688,18,,
1352.9446875,1354.7840625,,0 days 00:22:32.944688,0 days 00:22:34.784063,5,,
1358.9353125,1359.4584375,,0 days 00:22:38.935313,0 days 00:22:39.458438,13,,
1363.3734375,1365.6515625,,0 days 00:22:43.373438,0 days 00:22:45.651563,7,,
1366.9846875,1368.2671875,,0 days 00:22:46.984688,0 days 00:22:48.267188,13,,
1368.1321875,1368.1490625,,0 days 00:22:48.132188,0 days 00:22:48.149062,18,,
1368.1490625,1369.4821875,,0 days 00:22:48.149062,0 days 00:22:49.482188,7,,
1368.2671875,1368.6215625,,0 days 00:22:48.267188,0 days 00:22:48.621563,18,,
1368.7396875,1368.7734375,,0 days 00:22:48.739688,0 days 00:22:48.773438,18,,
1368.7903125,1368.8409375,,0 days 00:22:48.790313,0 days 00:22:48.840938,18,,
1371.2034375,1372.3171875,,0 days 00:22:51.203438,0 days 00:22:52.317188,9,,
1373.0765625,1373.6671875,,0 days 00:22:53.076563,0 days 00:22:53.667188,18,,
1378.2403125,1378.9659375,,0 days 00:22:58.240313,0 days 00:22:58.965938,18,,
1379.6578125,1379.9953125,,0 days 00:22:59.657813,0 days 00:22:59.995313,18,,
1384.1465625,1384.8384375,,0 days 00:23:04.146563,0 days 00:23:04.838438,9,,
1387.5384375,1390.8628125,,0 days 00:23:07.538438,0 days 00:23:10.862813,9,,
1390.8628125,1394.5921875,,0 days 00:23:10.862813,0 days 00:23:14.592188,18,,
1398.7265625,1399.0640625,,0 days 00:23:18.726562,0 days 00:23:19.064063,9,,
1402.1690625,1402.5065625,,0 days 00:23:22.169063,0 days 00:23:22.506563,7,,
1402.5065625,1402.8609375,,0 days 00:23:22.506563,0 days 00:23:22.860938,9,,
1402.8609375,1402.9115625,,0 days 00:23:22.860938,0 days 00:23:22.911563,7,,
1402.9115625,1403.0296875,,0 days 00:23:22.911563,0 days 00:23:23.029688,9,,
1405.6284375,1407.7209375,,0 days 00:23:25.628438,0 days 00:23:27.720938,9,,
1409.9484375,1410.4378125,,0 days 00:23:29.948438,0 days 00:23:30.437813,9,,
1410.4378125,1416.6140625,,0 days 00:23:30.437813,0 days 00:23:36.614063,18,,
1418.2678125,1420.9846875,,0 days 00:23:38.267813,0 days 00:23:40.984688,18,,
1423.2121875,1428.4434375,,0 days 00:23:43.212188,0 days 00:23:48.443438,18,,
1428.4434375,1429.5065625,,0 days 00:23:48.443438,0 days 00:23:49.506563,9,,
1429.5065625,1432.5271875,,0 days 00:23:49.506563,0 days 00:23:52.527188,14,,
1434.7209375,1434.9403125,,0 days 00:23:54.720938,0 days 00:23:54.940313,18,,
1434.9403125,1435.3453125,,0 days 00:23:54.940313,0 days 00:23:55.345313,17,,
1437.1003125,1443.8165625,,0 days 00:23:57.100313,0 days 00:24:03.816562,17,,
1443.2934375,1443.4790625,,0 days 00:24:03.293438,0 days 00:24:03.479063,0,,
1443.4959375,1443.5128125,,0 days 00:24:03.495938,0 days 00:24:03.512813,0,,
1443.9515625,1443.9853125,,0 days 00:24:03.951563,0 days 00:24:03.985313,17,,
1444.5928125,1446.9890625,,0 days 00:24:04.592813,0 days 00:24:06.989063,17,,
1449.4865625,1451.7984375,,0 days 00:24:09.486563,0 days 00:24:11.798438,17,,
1453.1315625,1456.3546875,,0 days 00:24:13.131563,0 days 00:24:16.354688,17,,
1460.7421875,1463.1890625,,0 days 00:24:20.742188,0 days 00:24:23.189063,17,,
1464.7921875,1465.7878125,,0 days 00:24:24.792188,0 days 00:24:25.787813,17,,
1467.5090625,1468.7240625,,0 days 00:24:27.509063,0 days 00:24:28.724063,17,,
1470.0740625,1472.3690625,,0 days 00:24:30.074063,0 days 00:24:32.369063,17,,
1473.7359375,1480.0471875,,0 days 00:24:33.735938,0 days 00:24:40.047188,17,,
1480.9584375,1481.6671875,,0 days 00:24:40.958438,0 days 00:24:41.667188,17,,
1483.2196875,1486.2403125,,0 days 00:24:43.219688,0 days 00:24:46.240313,17,,
1487.6915625,1492.8890625,,0 days 00:24:47.691562,0 days 00:24:52.889063,17,,
1494.8296875,1496.0109375,,0 days 00:24:54.829688,0 days 00:24:56.010938,17,,
1497.4115625,1499.6390625,,0 days 00:24:57.411563,0 days 00:24:59.639063,17,,
1503.6384375,1505.9165625,,0 days 00:25:03.638438,0 days 00:25:05.916563,17,,
1507.5365625,1511.0465625,,0 days 00:25:07.536563,0 days 00:25:11.046563,17,,
1511.6371875,1512.9871875,,0 days 00:25:11.637188,0 days 00:25:12.987188,17,,
1519.5515625,1521.6440625,,0 days 00:25:19.551563,0 days 00:25:21.644063,17,,
1522.2346875,1525.4409375,,0 days 00:25:22.234688,0 days 00:25:25.440938,8,,
1525.4409375,1527.8034375,,0 days 00:25:25.440938,0 days 00:25:27.803438,2,,
1529.0353125,1545.1171875,,0 days 00:25:29.035312,0 days 00:25:45.117188,2,,
1549.3021875,1552.9471875,,0 days 00:25:49.302188,0 days 00:25:52.947188,2,,
1557.5709375,1559.8996875,,0 days 00:25:57.570937,0 days 00:25:59.899688,2,,
1561.5028125,1564.7765625,,0 days 00:26:01.502813,0 days 00:26:04.776563,2,,
1566.0759375,1568.3203125,,0 days 00:26:06.075938,0 days 00:26:08.320312,2,,
1567.1896875,1567.2065625,,0 days 00:26:07.189688,0 days 00:26:07.206563,0,,
1568.9109375,1571.3409375,,0 days 00:26:08.910938,0 days 00:26:11.340938,2,,
1571.7121875,1572.7921875,,0 days 00:26:11.712188,0 days 00:26:12.792188,2,,
1575.4753125,1576.9940625,,0 days 00:26:15.475313,0 days 00:26:16.994063,2,,
1579.0190625,1580.3353125,,0 days 00:26:19.019063,0 days 00:26:20.335313,2,,
1589.8190625,1590.8990625,,0 days 00:26:29.819063,0 days 00:26:30.899062,8,,
1591.4221875,1598.7628125,,0 days 00:26:31.422188,0 days 00:26:38.762813,8,,
1604.4496875,1605.2428125,,0 days 00:26:44.449688,0 days 00:26:45.242812,3,,
1605.4621875,1605.4959375,,0 days 00:26:45.462188,0 days 00:26:45.495938,3,,
1607.9259375,1611.0815625,,0 days 00:26:47.925937,0 days 00:26:51.081563,13,,
1610.6765625,1618.9959375,,0 days 00:26:50.676563,0 days 00:26:58.995938,18,,
1618.9959375,1619.0634375,,0 days 00:26:58.995938,0 days 00:26:59.063438,6,,
1619.0634375,1619.4515625,,0 days 00:26:59.063438,0 days 00:26:59.451563,18,,
1619.4515625,1622.8940625,,0 days 00:26:59.451563,0 days 00:27:02.894063,6,,
1623.3328125,1626.3534375,,0 days 00:27:03.332813,0 days 00:27:06.353438,6,,
1628.7496875,1630.5046875,,0 days 00:27:08.749688,0 days 00:27:10.504688,6,,
1646.0296875,1647.9196875,,0 days 00:27:26.029688,0 days 00:27:27.919688,13,,
1647.9196875,1647.9365625,,0 days 00:27:27.919688,0 days 00:27:27.936563,6,,
1647.9365625,1648.1896875,,0 days 00:27:27.936563,0 days 00:27:28.189688,13,,
1656.3234375,1657.9940625,,0 days 00:27:36.323438,0 days 00:27:37.994063,6,,
1658.2303125,1663.4784375,,0 days 00:27:38.230313,0 days 00:27:43.478438,6,,
1664.4234375,1665.9421875,,0 days 00:27:44.423438,0 days 00:27:45.942188,6,,
1667.4271875,1668.1021875,,0 days 00:27:47.427188,0 days 00:27:48.102187,6,,
1672.1353125,1674.0759375,,0 days 00:27:52.135313,0 days 00:27:54.075938,6,,
1675.4090625,1677.8221875,,0 days 00:27:55.409063,0 days 00:27:57.822188,6,,
1678.3284375,1680.3365625,,0 days 00:27:58.328438,0 days 00:28:00.336562,6,,
1686.2596875,1690.2928125,,0 days 00:28:06.259688,0 days 00:28:10.292813,13,,
1690.7821875,1690.7990625,,0 days 00:28:10.782188,0 days 00:28:10.799063,6,,
1690.7990625,1691.3053125,,0 days 00:28:10.799063,0 days 00:28:11.305312,13,,
1691.3053125,1691.5415625,,0 days 00:28:11.305312,0 days 00:28:11.541563,6,,
1701.9534375,1720.2290625,,0 days 00:28:21.953438,0 days 00:28:40.229063,6,,
1723.4690625,1725.3253125,,0 days 00:28:43.469063,0 days 00:28:45.325313,6,,
1725.7640625,1728.9871875,,0 days 00:28:45.764063,0 days 00:28:48.987188,6,,
1729.2740625,1730.4384375,,0 days 00:28:49.274062,0 days 00:28:50.438438,6,,
1730.4553125,1730.5734375,,0 days 00:28:50.455313,0 days 00:28:50.573438,6,,
1730.7253125,1730.7421875,,0 days 00:28:50.725313,0 days 00:28:50.742188,6,,
1730.8096875,1731.6196875,,0 days 00:28:50.809688,0 days 00:28:51.619688,6,,
1731.6196875,1731.7209375,,0 days 00:28:51.619688,0 days 00:28:51.720938,13,,
1731.7209375,1731.9403125,,0 days 00:28:51.720938,0 days 00:28:51.940313,6,,
1731.9403125,1731.9909375,,0 days 00:28:51.940313,0 days 00:28:51.990938,13,,
1732.8853125,1734.8765625,,0 days 00:28:52.885313,0 days 00:28:54.876563,13,,
1735.0959375,1735.4334375,,0 days 00:28:55.095938,0 days 00:28:55.433438,13,,
1752.2746875,1753.3715625,,0 days 00:29:12.274688,0 days 00:29:13.371563,15,,
1761.2353125,1762.4165625,,0 days 00:29:21.235313,0 days 00:29:22.416563,15,,
1766.2303125,1767.9009375,,0 days 00:29:26.230313,0 days 00:29:27.900938,7,,
1769.3690625,1770.9890625,,0 days 00:29:29.369063,0 days 00:29:30.989063,7,,
1772.3728125,1772.4234375,,0 days 00:29:32.372813,0 days 00:29:32.423438,7,,
1772.4234375,1773.8915625,,0 days 00:29:32.423438,0 days 00:29:33.891563,15,,
1778.5321875,1781.5359375,,0 days 00:29:38.532188,0 days 00:29:41.535938,7,,
1783.2403125,1785.3496875,,0 days 00:29:43.240313,0 days 00:29:45.349688,7,,
1785.6871875,1786.8684375,,0 days 00:29:45.687188,0 days 00:29:46.868438,7,,
1787.2059375,1788.3871875,,0 days 00:29:47.205938,0 days 00:29:48.387188,7,,
1789.2140625,1791.0534375,,0 days 00:29:49.214063,0 days 00:29:51.053438,15,,
1791.2390625,1793.3315625,,0 days 00:29:51.239063,0 days 00:29:53.331563,15,,
1794.4284375,1795.9978125,,0 days 00:29:54.428438,0 days 00:29:55.997813,6,,
1801.3640625,1802.1740625,,0 days 00:30:01.364063,0 days 00:30:02.174062,6,,
1803.8953125,1807.0003125,,0 days 00:30:03.895313,0 days 00:30:07.000313,15,,
1807.5065625,1807.9959375,,0 days 00:30:07.506562,0 days 00:30:07.995938,15,,
1811.4553125,1811.5059375,,0 days 00:30:11.455312,0 days 00:30:11.505938,7,,
1811.5059375,1812.8053125,,0 days 00:30:11.505938,0 days 00:30:12.805312,5,,
1812.9571875,1812.9909375,,0 days 00:30:12.957187,0 days 00:30:12.990937,5,,
1814.5096875,1814.5265625,,0 days 00:30:14.509688,0 days 00:30:14.526562,5,,
1814.5265625,1815.8090625,,0 days 00:30:14.526562,0 days 00:30:15.809063,15,,
1815.8090625,1815.8259375,,0 days 00:30:15.809063,0 days 00:30:15.825938,5,,
1821.8165625,1822.0865625,,0 days 00:30:21.816562,0 days 00:30:22.086562,7,,
1823.4028125,1823.8415625,,0 days 00:30:23.402813,0 days 00:30:23.841563,6,,
1824.7359375,1827.0815625,,0 days 00:30:24.735938,0 days 00:30:27.081563,6,,
1828.0940625,1828.4821875,,0 days 00:30:28.094063,0 days 00:30:28.482188,6,,
1839.7884375,1842.4884375,,0 days 00:30:39.788438,0 days 00:30:42.488437,3,,
1852.8665625,1853.3053125,,0 days 00:30:52.866563,0 days 00:30:53.305312,7,,
1855.8028125,1855.9715625,,0 days 00:30:55.802813,0 days 00:30:55.971563,7,,
1855.9715625,1856.9840625,,0 days 00:30:55.971563,0 days 00:30:56.984062,6,,
1856.9840625,1857.2540625,,0 days 00:30:56.984062,0 days 00:30:57.254062,12,,
1859.2959375,1859.8528125,,0 days 00:30:59.295938,0 days 00:30:59.852813,12,,
1863.7509375,1865.5903125,,0 days 00:31:03.750938,0 days 00:31:05.590313,18,,
1867.1934375,1869.4378125,,0 days 00:31:07.193438,0 days 00:31:09.437813,18,,
1869.4378125,1870.0115625,,0 days 00:31:09.437813,0 days 00:31:10.011563,13,,
1872.6271875,1873.4709375,,0 days 00:31:12.627187,0 days 00:31:13.470937,18,,
1874.2978125,1877.6728125,,0 days 00:31:14.297813,0 days 00:31:17.672813,18,,
1879.9340625,1880.3053125,,0 days 00:31:19.934063,0 days 00:31:20.305312,18,,
1902.9346875,1903.9134375,,0 days 00:31:42.934688,0 days 00:31:43.913438,2,,
1906.6134375,1907.3728125,,0 days 00:31:46.613437,0 days 00:31:47.372813,9,,
1908.5709375,1909.2459375,,0 days 00:31:48.570937,0 days 00:31:49.245938,9,,
1911.7771875,1915.2703125,,0 days 00:31:51.777188,0 days 00:31:55.270313,2,,
1915.4559375,1915.4896875,,0 days 00:31:55.455938,0 days 00:31:55.489688,2,,
1920.1134375,1925.4965625,,0 days 00:32:00.113437,0 days 00:32:05.496563,10,,
1929.0234375,1929.4115625,,0 days 00:32:09.023438,0 days 00:32:09.411563,9,,
1934.1703125,1934.4909375,,0 days 00:32:14.170313,0 days 00:32:14.490937,9,,
1935.5203125,1936.9378125,,0 days 00:32:15.520313,0 days 00:32:16.937813,9,,
1939.0809375,1940.3296875,,0 days 00:32:19.080938,0 days 00:32:20.329688,9,,
1942.5909375,1945.0715625,,0 days 00:32:22.590938,0 days 00:32:25.071563,10,,
1947.4509375,1951.3659375,,0 days 00:32:27.450938,0 days 00:32:31.365937,2,,
1956.2428125,1957.2384375,,0 days 00:32:36.242812,0 days 00:32:37.238437,10,,
1960.6640625,1960.7315625,,0 days 00:32:40.664063,0 days 00:32:40.731563,10,,
1960.7315625,1961.0015625,,0 days 00:32:40.731563,0 days 00:32:41.001563,9,,
1961.0015625,1961.4740625,,0 days 00:32:41.001563,0 days 00:32:41.474063,10,,
1963.9715625,1964.5790625,,0 days 00:32:43.971563,0 days 00:32:44.579063,6,,
1964.5790625,1964.6296875,,0 days 00:32:44.579063,0 days 00:32:44.629688,10,,
1964.6296875,1964.7984375,,0 days 00:32:44.629688,0 days 00:32:44.798438,6,,
1964.7984375,1964.8996875,,0 days 00:32:44.798438,0 days 00:32:44.899688,10,,
1966.7390625,1966.8065625,,0 days 00:32:46.739063,0 days 00:32:46.806563,6,,
1966.8065625,1967.4478125,,0 days 00:32:46.806563,0 days 00:32:47.447813,10,,
1969.3546875,1969.9284375,,0 days 00:32:49.354687,0 days 00:32:49.928437,10,,
1969.9621875,1970.1646875,,0 days 00:32:49.962188,0 days 00:32:50.164687,9,,
1971.3796875,1972.9996875,,0 days 00:32:51.379688,0 days 00:32:52.999687,9,,
1972.9996875,1973.4384375,,0 days 00:32:52.999687,0 days 00:32:53.438438,10,,
1973.4384375,1974.1640625,,0 days 00:32:53.438438,0 days 00:32:54.164063,9,,
1976.6784375,1980.0534375,,0 days 00:32:56.678437,0 days 00:33:00.053437,2,,
1982.0109375,1983.3103125,,0 days 00:33:02.010937,0 days 00:33:03.310313,2,,
1986.0440625,1986.8371875,,0 days 00:33:06.044063,0 days 00:33:06.837188,9,,
1991.6971875,1993.6715625,,0 days 00:33:11.697188,0 days 00:33:13.671562,2,,
1995.6628125,1998.2109375,,0 days 00:33:15.662812,0 days 00:33:18.210938,2,,
1999.6284375,2001.0290625,,0 days 00:33:19.628438,0 days 00:33:21.029063,2,,
2007.7284375,2008.0828125,,0 days 00:33:27.728438,0 days 00:33:28.082813,10,,
2021.6503125,2021.9878125,,0 days 00:33:41.650313,0 days 00:33:41.987813,11,,
2022.4603125,2022.4940625,,0 days 00:33:42.460313,0 days 00:33:42.494063,11,,
2022.5615625,2023.9453125,,0 days 00:33:42.561563,0 days 00:33:43.945313,11,,
2025.1771875,2027.5565625,,0 days 00:33:45.177188,0 days 00:33:47.556563,4,,
2029.8178125,2031.6234375,,0 days 00:33:49.817813,0 days 00:33:51.623438,11,,
2031.6234375,2035.0321875,,0 days 00:33:51.623438,0 days 00:33:55.032188,4,,
2036.3653125,2037.2596875,,0 days 00:33:56.365313,0 days 00:33:57.259688,11,,
2037.9515625,2042.2040625,,0 days 00:33:57.951563,0 days 00:34:02.204063,4,,
2043.1996875,2044.5665625,,0 days 00:34:03.199688,0 days 00:34:04.566562,11,,
2044.5665625,2044.6003125,,0 days 00:34:04.566562,0 days 00:34:04.600312,4,,
2045.1065625,2054.4721875,,0 days 00:34:05.106563,0 days 00:34:14.472188,4,,
2054.4721875,2055.7209375,,0 days 00:34:14.472188,0 days 00:34:15.720938,11,,
2060.4965625,2070.8746875,,0 days 00:34:20.496563,0 days 00:34:30.874688,4,,
2071.8703125,2086.0621875,,0 days 00:34:31.870313,0 days 00:34:46.062188,11,,
2086.5178125,2087.9690625,,0 days 00:34:46.517813,0 days 00:34:47.969063,4,,
2089.4709375,2096.1028125,,0 days 00:34:49.470938,0 days 00:34:56.102813,4,,
2096.2378125,2100.4903125,,0 days 00:34:56.237813,0 days 00:35:00.490313,11,,
2100.4903125,2101.2328125,,0 days 00:35:00.490313,0 days 00:35:01.232813,4,,
2101.4521875,2108.9784375,,0 days 00:35:01.452188,0 days 00:35:08.978437,4,,
2110.9528125,2118.9515625,,0 days 00:35:10.952813,0 days 00:35:18.951563,4,,
2127.7940625,2130.6965625,,0 days 00:35:27.794063,0 days 00:35:30.696563,7,,
2138.9484375,2138.9821875,,0 days 00:35:38.948438,0 days 00:35:38.982187,3,,
2139.4546875,2139.4884375,,0 days 00:35:39.454688,0 days 00:35:39.488438,3,,
2139.6403125,2140.4840625,,0 days 00:35:39.640313,0 days 00:35:40.484063,3,,
2149.9509375,2149.9846875,,0 days 00:35:49.950937,0 days 00:35:49.984688,3,,
2150.4571875,2150.4909375,,0 days 00:35:50.457188,0 days 00:35:50.490938,3,,
2150.9465625,2150.9971875,,0 days 00:35:50.946563,0 days 00:35:50.997188,3,,
2151.0815625,2151.4865625,,0 days 00:35:51.081563,0 days 00:35:51.486563,3,,
2154.0009375,2155.7559375,,0 days 00:35:54.000937,0 days 00:35:55.755938,13,,
2156.2621875,2159.1309375,,0 days 00:35:56.262188,0 days 00:35:59.130938,13,,
2162.9278125,2164.4803125,,0 days 00:36:02.927813,0 days 00:36:04.480312,13,,
2165.9146875,2166.4884375,,0 days 00:36:05.914688,0 days 00:36:06.488438,13,,
2167.6528125,2168.8171875,,0 days 00:36:07.652813,0 days 00:36:08.817187,13,,
2169.1884375,2170.0996875,,0 days 00:36:09.188437,0 days 00:36:10.099688,13,,
2174.0821875,2175.4153125,,0 days 00:36:14.082188,0 days 00:36:15.415313,13,,
2175.4490625,2175.4828125,,0 days 00:36:15.449062,0 days 00:36:15.482813,13,,
2176.9171875,2182.2496875,,0 days 00:36:16.917188,0 days 00:36:22.249688,13,,
2183.7853125,2184.6628125,,0 days 00:36:23.785313,0 days 00:36:24.662813,13,,
2187.7171875,2188.7296875,,0 days 00:36:27.717188,0 days 00:36:28.729688,13,,
2202.6009375,2204.3896875,,0 days 00:36:42.600938,0 days 00:36:44.389688,18,,
2204.4571875,2204.4740625,,0 days 00:36:44.457188,0 days 00:36:44.474063,18,,
2204.9465625,2205.9253125,,0 days 00:36:44.946563,0 days 00:36:45.925313,18,,
2205.9253125,2207.2078125,,0 days 00:36:45.925313,0 days 00:36:47.207812,13,,
2208.3890625,2210.2959375,,0 days 00:36:48.389063,0 days 00:36:50.295938,13,,
2222.8340625,2223.9815625,,0 days 00:37:02.834063,0 days 00:37:03.981563,18,,
2223.9815625,2224.2178125,,0 days 00:37:03.981563,0 days 00:37:04.217813,13,,
2224.5553125,2225.3653125,,0 days 00:37:04.555313,0 days 00:37:05.365313,13,,
2225.4496875,2233.2628125,,0 days 00:37:05.449688,0 days 00:37:13.262813,13,,
2233.9715625,2239.5909375,,0 days 00:37:13.971562,0 days 00:37:19.590938,13,,
2241.1265625,2241.9871875,,0 days 00:37:21.126563,0 days 00:37:21.987187,13,,
2319.3253125,2319.9665625,,0 days 00:38:39.325313,0 days 00:38:39.966562,7,,
2331.2728125,2331.3571875,,0 days 00:38:51.272813,0 days 00:38:51.357187,0,,
2340.1153125,2340.3009375,,0 days 00:39:00.115313,0 days 00:39:00.300938,1,,
2342.1571875,2344.4859375,,0 days 00:39:02.157187,0 days 00:39:04.485938,1,,
2346.8315625,2348.1815625,,0 days 00:39:06.831563,0 days 00:39:08.181562,6,,
2350.9321875,2350.9490625,,0 days 00:39:10.932188,0 days 00:39:10.949062,1,,
2350.9490625,2350.9828125,,0 days 00:39:10.949062,0 days 00:39:10.982813,15,,
2354.5096875,2356.1465625,,0 days 00:39:14.509687,0 days 00:39:16.146563,7,,
2376.6328125,2378.2865625,,0 days 00:39:36.632812,0 days 00:39:38.286563,16,,
2389.7784375,2390.6053125,,0 days 00:39:49.778438,0 days 00:39:50.605312,11,,
2391.1453125,2395.9884375,,0 days 00:39:51.145312,0 days 00:39:55.988438,16,,
2396.2584375,2397.3721875,,0 days 00:39:56.258438,0 days 00:39:57.372188,16,,
2399.4478125,2399.4646875,,0 days 00:39:59.447813,0 days 00:39:59.464687,16,,
2399.9540625,2399.9878125,,0 days 00:39:59.954062,0 days 00:39:59.987813,16,,
2400.0553125,2402.1309375,,0 days 00:40:00.055313,0 days 00:40:02.130938,16,,
2402.1309375,2408.6784375,,0 days 00:40:02.130938,0 days 00:40:08.678438,11,,
2409.2353125,2410.6190625,,0 days 00:40:09.235312,0 days 00:40:10.619062,16,,
2415.7828125,2418.8709375,,0 days 00:40:15.782813,0 days 00:40:18.870937,16,,
2421.2671875,2422.5834375,,0 days 00:40:21.267188,0 days 00:40:22.583438,11,,
2423.4440625,2424.6084375,,0 days 00:40:23.444063,0 days 00:40:24.608438,16,,
2424.9121875,2426.9034375,,0 days 00:40:24.912188,0 days 00:40:26.903438,16,,
2427.6290625,2429.4009375,,0 days 00:40:27.629063,0 days 00:40:29.400938,11,,
2431.6959375,2432.3203125,,0 days 00:40:31.695938,0 days 00:40:32.320312,16,,
2434.4465625,2434.9190625,,0 days 00:40:34.446563,0 days 00:40:34.919063,16,,
2434.9528125,2434.9696875,,0 days 00:40:34.952813,0 days 00:40:34.969687,16,,
2435.7628125,2442.2765625,,0 days 00:40:35.762813,0 days 00:40:42.276563,16,,
2442.6478125,2443.1034375,,0 days 00:40:42.647813,0 days 00:40:43.103437,11,,
2447.0690625,2447.4403125,,0 days 00:40:47.069063,0 days 00:40:47.440312,16,,
2449.4484375,2453.8528125,,0 days 00:40:49.448438,0 days 00:40:53.852813,16,,
2454.0721875,2455.4053125,,0 days 00:40:54.072187,0 days 00:40:55.405313,16,,
2459.8096875,2462.7290625,,0 days 00:40:59.809688,0 days 00:41:02.729063,11,,
2476.9546875,2485.4934375,,0 days 00:41:16.954688,0 days 00:41:25.493438,13,,
2490.1171875,2490.4378125,,0 days 00:41:30.117188,0 days 00:41:30.437813,3,,
2490.4546875,2490.4884375,,0 days 00:41:30.454688,0 days 00:41:30.488438,3,,
2490.9778125,2491.8384375,,0 days 00:41:30.977813,0 days 00:41:31.838438,13,,
2493.4246875,2494.7240625,,0 days 00:41:33.424687,0 days 00:41:34.724063,13,,
2500.3096875,2501.0015625,,0 days 00:41:40.309688,0 days 00:41:41.001563,13,,
2506.0978125,2507.5828125,,0 days 00:41:46.097813,0 days 00:41:47.582812,13,,
2507.6671875,2508.7134375,,0 days 00:41:47.667188,0 days 00:41:48.713438,13,,
2509.6753125,2511.1603125,,0 days 00:41:49.675313,0 days 00:41:51.160313,13,,
2514.1134375,2516.4928125,,0 days 00:41:54.113438,0 days 00:41:56.492813,13,,
2517.5728125,2521.5215625,,0 days 00:41:57.572813,0 days 00:42:01.521563,13,,
2522.9728125,2526.8540625,,0 days 00:42:02.972813,0 days 00:42:06.854063,13,,
2527.2421875,2532.6759375,,0 days 00:42:07.242188,0 days 00:42:12.675938,13,,
2532.7434375,2535.2915625,,0 days 00:42:12.743438,0 days 00:42:15.291563,13,,
2536.6921875,2538.9534375,,0 days 00:42:16.692187,0 days 00:42:18.953438,13,,
2539.8646875,2540.6409375,,0 days 00:42:19.864688,0 days 00:42:20.640938,13,,
2542.2778125,2545.2478125,,0 days 00:42:22.277813,0 days 00:42:25.247812,13,,
2548.8928125,2548.9940625,,0 days 00:42:28.892813,0 days 00:42:28.994062,13,,
2548.9940625,2555.0015625,,0 days 00:42:28.994062,0 days 00:42:35.001563,18,,
2555.0015625,2557.3640625,,0 days 00:42:35.001563,0 days 00:42:37.364062,13,,
2559.4396875,2561.6334375,,0 days 00:42:39.439688,0 days 00:42:41.633438,13,,
2561.9371875,2562.6121875,,0 days 00:42:41.937188,0 days 00:42:42.612187,13,,
2563.8778125,2566.7971875,,0 days 00:42:43.877812,0 days 00:42:46.797188,13,,
2582.8959375,2585.9840625,,0 days 00:43:02.895938,0 days 00:43:05.984063,10,,
2586.5578125,2587.1990625,,0 days 00:43:06.557813,0 days 00:43:07.199062,10,,
2587.1990625,2590.8609375,,0 days 00:43:07.199062,0 days 00:43:10.860938,18,,
2591.5021875,2598.4884375,,0 days 00:43:11.502188,0 days 00:43:18.488438,18,,
2602.5553125,2602.5721875,,0 days 00:43:22.555313,0 days 00:43:22.572187,9,,
2602.9603125,2602.9940625,,0 days 00:43:22.960313,0 days 00:43:22.994062,9,,
2602.9940625,2603.1796875,,0 days 00:43:22.994062,0 days 00:43:23.179688,18,,
2603.6015625,2604.5634375,,0 days 00:43:23.601562,0 days 00:43:24.563437,18,,
2607.0271875,2608.3603125,,0 days 00:43:27.027187,0 days 00:43:28.360312,18,,
2610.1490625,2611.4146875,,0 days 00:43:30.149063,0 days 00:43:31.414688,18,,
2614.9921875,2618.4515625,,0 days 00:43:34.992188,0 days 00:43:38.451563,9,,
2618.4515625,2621.5059375,,0 days 00:43:38.451563,0 days 00:43:41.505938,18,,
2621.8771875,2626.5346875,,0 days 00:43:41.877188,0 days 00:43:46.534688,18,,
2626.5346875,2626.5515625,,0 days 00:43:46.534688,0 days 00:43:46.551562,9,,
2626.5515625,2626.5684375,,0 days 00:43:46.551562,0 days 00:43:46.568438,18,,
2626.5684375,2634.0778125,,0 days 00:43:46.568438,0 days 00:43:54.077813,9,,
2634.7865625,2635.0059375,,0 days 00:43:54.786563,0 days 00:43:55.005938,9,,
2635.0059375,2637.1828125,,0 days 00:43:55.005938,0 days 00:43:57.182813,10,,
2637.1828125,2643.8146875,,0 days 00:43:57.182813,0 days 00:44:03.814688,8,,
2652.7078125,2664.9421875,,0 days 00:44:12.707812,0 days 00:44:24.942187,8,,
2664.9421875,2669.9371875,,0 days 00:44:24.942187,0 days 00:44:29.937188,15,,
2669.9371875,2670.0384375,,0 days 00:44:29.937188,0 days 00:44:30.038438,8,,
2670.2071875,2672.9915625,,0 days 00:44:30.207188,0 days 00:44:32.991563,8,,
2672.9915625,2674.4934375,,0 days 00:44:32.991563,0 days 00:44:34.493438,18,,
2674.4934375,2674.6453125,,0 days 00:44:34.493438,0 days 00:44:34.645312,15,,
2674.7465625,2678.4928125,,0 days 00:44:34.746563,0 days 00:44:38.492813,15,,
2678.6109375,2683.9940625,,0 days 00:44:38.610938,0 days 00:44:43.994062,15,,
2683.9940625,2699.3671875,,0 days 00:44:43.994062,0 days 00:44:59.367188,18,,
2701.4765625,2703.4171875,,0 days 00:45:01.476562,0 days 00:45:03.417188,18,,
2703.4509375,2703.4846875,,0 days 00:45:03.450937,0 days 00:45:03.484688,18,,
2704.5140625,2707.5684375,,0 days 00:45:04.514063,0 days 00:45:07.568438,18,,
2711.6184375,2712.0740625,,0 days 00:45:11.618438,0 days 00:45:12.074062,8,,
2713.8796875,2715.2971875,,0 days 00:45:13.879687,0 days 00:45:15.297188,9,,
2715.3646875,2724.0046875,,0 days 00:45:15.364688,0 days 00:45:24.004687,15,,
2724.0046875,2727.4471875,,0 days 00:45:24.004687,0 days 00:45:27.447187,18,,
2725.6246875,2728.8646875,,0 days 00:45:25.624688,0 days 00:45:28.864688,8,,
2729.9784375,2731.9021875,,0 days 00:45:29.978437,0 days 00:45:31.902187,8,,
2733.9609375,2737.4878125,,0 days 00:45:33.960938,0 days 00:45:37.487813,3,,
2741.0821875,2742.0103125,,0 days 00:45:41.082188,0 days 00:45:42.010313,8,,
2744.3728125,2746.1278125,,0 days 00:45:44.372812,0 days 00:45:46.127812,18,,
2748.4396875,2749.2328125,,0 days 00:45:48.439688,0 days 00:45:49.232813,15,,
2750.2453125,2751.9159375,,0 days 00:45:50.245313,0 days 00:45:51.915937,15,,
2753.3503125,2756.1178125,,0 days 00:45:53.350313,0 days 00:45:56.117813,8,,
2770.1240625,2773.6003125,,0 days 00:46:10.124063,0 days 00:46:13.600313,1,,
2773.9209375,2774.5790625,,0 days 00:46:13.920938,0 days 00:46:14.579062,1,,
2774.7140625,2775.2034375,,0 days 00:46:14.714063,0 days 00:46:15.203438,1,,
2775.5915625,2775.7771875,,0 days 00:46:15.591562,0 days 00:46:15.777187,18,,
2775.8109375,2776.0640625,,0 days 00:46:15.810938,0 days 00:46:16.064063,18,,
2777.9540625,2782.7803125,,0 days 00:46:17.954062,0 days 00:46:22.780313,18,,
2790.4584375,2790.6778125,,0 days 00:46:30.458438,0 days 00:46:30.677813,1,,
2790.9478125,2793.0909375,,0 days 00:46:30.947813,0 days 00:46:33.090938,1,,
2794.0865625,2795.5040625,,0 days 00:46:34.086563,0 days 00:46:35.504063,1,,
2797.1071875,2798.4909375,,0 days 00:46:37.107187,0 days 00:46:38.490938,18,,
2798.9465625,2798.9971875,,0 days 00:46:38.946563,0 days 00:46:38.997188,18,,
2819.4496875,2825.9634375,,0 days 00:46:59.449688,0 days 00:47:05.963438,1,,
2826.9590625,2828.4946875,,0 days 00:47:06.959063,0 days 00:47:08.494688,1,,
2828.7309375,2829.4903125,,0 days 00:47:08.730938,0 days 00:47:09.490313,1,,
2911.2834375,2911.9921875,,0 days 00:48:31.283438,0 days 00:48:31.992188,7,,
2911.9921875,2912.4478125,,0 days 00:48:31.992188,0 days 00:48:32.447813,12,,
2912.4478125,2912.4984375,,0 days 00:48:32.447813,0 days 00:48:32.498438,7,,
2912.4984375,2913.0721875,,0 days 00:48:32.498438,0 days 00:48:33.072187,12,,
2913.4603125,2913.8821875,,0 days 00:48:33.460313,0 days 00:48:33.882188,12,,
2913.9496875,2918.4890625,,0 days 00:48:33.949688,0 days 00:48:38.489062,12,,
2920.3959375,2924.4965625,,0 days 00:48:40.395938,0 days 00:48:44.496563,12,,
2924.4965625,2926.7578125,,0 days 00:48:44.496563,0 days 00:48:46.757812,3,,
2926.7578125,2926.8084375,,0 days 00:48:46.757812,0 days 00:48:46.808437,12,,
2928.4621875,2930.9428125,,0 days 00:48:48.462188,0 days 00:48:50.942813,12,,
2932.8665625,2935.8365625,,0 days 00:48:52.866563,0 days 00:48:55.836563,12,,
2938.5703125,2938.9921875,,0 days 00:48:58.570312,0 days 00:48:58.992188,12,,
2947.7503125,2952.0028125,,0 days 00:49:07.750313,0 days 00:49:12.002812,12,,
2952.0028125,2954.4834375,,0 days 00:49:12.002812,0 days 00:49:14.483438,1,,
2955.9346875,2958.2465625,,0 days 00:49:15.934688,0 days 00:49:18.246563,1,,
2959.4784375,2961.9928125,,0 days 00:49:19.478437,0 days 00:49:21.992813,1,,
2962.4484375,2962.4821875,,0 days 00:49:22.448438,0 days 00:49:22.482187,1,,
2982.0234375,2982.7490625,,0 days 00:49:42.023438,0 days 00:49:42.749063,3,,
3005.2096875,3007.9940625,,0 days 00:50:05.209688,0 days 00:50:07.994062,12,,
3009.6815625,3012.8371875,,0 days 00:50:09.681562,0 days 00:50:12.837188,12,,
3013.6809375,3018.2203125,,0 days 00:50:13.680938,0 days 00:50:18.220313,12,,
3018.2203125,3018.2709375,,0 days 00:50:18.220313,0 days 00:50:18.270938,1,,
3018.2709375,3018.4059375,,0 days 00:50:18.270938,0 days 00:50:18.405938,12,,
3018.4059375,3019.5028125,,0 days 00:50:18.405938,0 days 00:50:19.502812,1,,
3019.5028125,3019.9415625,,0 days 00:50:19.502812,0 days 00:50:19.941563,12,,
3019.9415625,3022.0003125,,0 days 00:50:19.941563,0 days 00:50:22.000313,1,,
3022.0003125,3022.0509375,,0 days 00:50:22.000313,0 days 00:50:22.050938,12,,
3022.0509375,3022.1184375,,0 days 00:50:22.050938,0 days 00:50:22.118438,1,,
3022.7596875,3031.0790625,,0 days 00:50:22.759687,0 days 00:50:31.079062,12,,
3032.7328125,3033.5934375,,0 days 00:50:32.732813,0 days 00:50:33.593438,12,,
3038.4365625,3040.6471875,,0 days 00:50:38.436563,0 days 00:50:40.647188,12,,
3066.9553125,3066.9890625,,0 days 00:51:06.955313,0 days 00:51:06.989062,3,,
3067.4615625,3076.4896875,,0 days 00:51:07.461563,0 days 00:51:16.489688,3,,
3084.7415625,3086.1759375,,0 days 00:51:24.741563,0 days 00:51:26.175938,15,,
3087.4753125,3088.4203125,,0 days 00:51:27.475313,0 days 00:51:28.420313,1,,
3088.4540625,3088.4878125,,0 days 00:51:28.454062,0 days 00:51:28.487813,1,,
3090.4621875,3090.4959375,,0 days 00:51:30.462188,0 days 00:51:30.495937,1,,
3094.4615625,3094.8328125,,0 days 00:51:34.461563,0 days 00:51:34.832812,1,,
3094.9509375,3106.8140625,,0 days 00:51:34.950937,0 days 00:51:46.814063,1,,
3101.9878125,3102.0046875,,0 days 00:51:41.987813,0 days 00:51:42.004687,3,,
3102.0046875,3102.3928125,,0 days 00:51:42.004687,0 days 00:51:42.392813,9,,
3102.3928125,3105.9871875,,0 days 00:51:42.392813,0 days 00:51:45.987187,3,,
3113.5978125,3116.5509375,,0 days 00:51:53.597813,0 days 00:51:56.550938,1,,
3117.6984375,3118.9809375,,0 days 00:51:57.698438,0 days 00:51:58.980938,10,,
3120.0440625,3120.4996875,,0 days 00:52:00.044063,0 days 00:52:00.499688,6,,
3120.4996875,3122.0184375,,0 days 00:52:00.499688,0 days 00:52:02.018437,14,,
3122.0184375,3125.6296875,,0 days 00:52:02.018437,0 days 00:52:05.629687,1,,
3126.3890625,3127.1821875,,0 days 00:52:06.389063,0 days 00:52:07.182188,1,,
3136.2609375,3137.8978125,,0 days 00:52:16.260938,0 days 00:52:17.897813,14,,
3139.2309375,3141.8465625,,0 days 00:52:19.230938,0 days 00:52:21.846562,14,,
3141.4921875,3141.5428125,,0 days 00:52:21.492188,0 days 00:52:21.542812,1,,
3141.6271875,3141.7453125,,0 days 00:52:21.627188,0 days 00:52:21.745313,1,,
3141.8296875,3143.2978125,,0 days 00:52:21.829688,0 days 00:52:23.297812,1,,
3147.2803125,3148.1071875,,0 days 00:52:27.280313,0 days 00:52:28.107187,6,,
3150.8409375,3152.8321875,,0 days 00:52:30.840938,0 days 00:52:32.832188,14,,
3152.8321875,3153.5071875,,0 days 00:52:32.832188,0 days 00:52:33.507188,3,,
3153.5071875,3155.4815625,,0 days 00:52:33.507188,0 days 00:52:35.481563,1,,
3158.1984375,3159.0759375,,0 days 00:52:38.198438,0 days 00:52:39.075937,10,,
3171.7659375,3172.4915625,,0 days 00:52:51.765938,0 days 00:52:52.491563,3,,
3182.6840625,3184.2534375,,0 days 00:53:02.684063,0 days 00:53:04.253438,13,,
3184.7765625,3187.3415625,,0 days 00:53:04.776563,0 days 00:53:07.341562,13,,
3189.0290625,3189.8896875,,0 days 00:53:09.029062,0 days 00:53:09.889688,13,,
3192.7921875,3198.4453125,,0 days 00:53:12.792188,0 days 00:53:18.445312,13,,
3198.4453125,3201.5671875,,0 days 00:53:18.445312,0 days 00:53:21.567187,6,,
3202.3434375,3205.0771875,,0 days 00:53:22.343438,0 days 00:53:25.077188,13,,
3212.5359375,3215.6578125,,0 days 00:53:32.535937,0 days 00:53:35.657813,13,,
3215.6578125,3222.4415625,,0 days 00:53:35.657813,0 days 00:53:42.441563,6,,
3222.4415625,3223.1840625,,0 days 00:53:42.441563,0 days 00:53:43.184063,13,,
3224.1290625,3225.6309375,,0 days 00:53:44.129063,0 days 00:53:45.630938,13,,
3226.7784375,3232.8534375,,0 days 00:53:46.778438,0 days 00:53:52.853437,13,,
3234.0684375,3237.3759375,,0 days 00:53:54.068438,0 days 00:53:57.375937,13,,
3241.4765625,3245.0034375,,0 days 00:54:01.476562,0 days 00:54:05.003438,3,,
3245.0034375,3247.5853125,,0 days 00:54:05.003438,0 days 00:54:07.585313,6,,
3247.9565625,3248.2940625,,0 days 00:54:07.956563,0 days 00:54:08.294063,6,,
3248.4628125,3250.4878125,,0 days 00:54:08.462812,0 days 00:54:10.487813,6,,
3251.5171875,3252.5128125,,0 days 00:54:11.517188,0 days 00:54:12.512813,6,,
3252.9515625,3252.9853125,,0 days 00:54:12.951563,0 days 00:54:12.985312,6,,
3253.4578125,3253.4915625,,0 days 00:54:13.457812,0 days 00:54:13.491563,7,,
3262.6715625,3266.2996875,,0 days 00:54:22.671563,0 days 00:54:26.299687,13,,
3269.1684375,3270.7040625,,0 days 00:54:29.168438,0 days 00:54:30.704062,13,,
3274.1465625,3278.0615625,,0 days 00:54:34.146563,0 days 00:54:38.061563,6,,
3279.4959375,3279.5465625,,0 days 00:54:39.495937,0 days 00:54:39.546563,6,,
3279.5465625,3279.5634375,,0 days 00:54:39.546563,0 days 00:54:39.563437,13,,
3279.5634375,3279.6815625,,0 days 00:54:39.563437,0 days 00:54:39.681562,6,,
3279.6815625,3281.4871875,,0 days 00:54:39.681562,0 days 00:54:41.487187,13,,
3283.3434375,3284.6596875,,0 days 00:54:43.343438,0 days 00:54:44.659688,13,,
3288.6421875,3296.1346875,,0 days 00:54:48.642188,0 days 00:54:56.134687,13,,
3297.4171875,3298.5140625,,0 days 00:54:57.417188,0 days 00:54:58.514063,6,,
3303.8803125,3305.3653125,,0 days 00:55:03.880313,0 days 00:55:05.365313,18,,
3309.8878125,3311.7946875,,0 days 00:55:09.887813,0 days 00:55:11.794687,18,,
3311.9465625,3311.9971875,,0 days 00:55:11.946563,0 days 00:55:11.997188,18,,
3312.4528125,3312.4865625,,0 days 00:55:12.452813,0 days 00:55:12.486563,18,,
3322.1896875,3323.1009375,,0 days 00:55:22.189688,0 days 00:55:23.100938,13,,
