,Start,Stop,Speaker,Season,Episode,Episode_order,ID,Episode_length
0,595.9659375,595.9996875,0,1,01,101,S01E01,301.0
1,595.9996875,599.2059375,3,1,01,101,S01E01,301.0
2,606.3778125,606.7321875,0,1,01,101,S01E01,301.0
3,620.4178125000001,621.5146875,3,1,01,101,S01E01,301.0
4,621.9871875,622.9490625000001,3,1,01,101,S01E01,301.0
5,622.9490625000001,624.5184375,7,1,01,101,S01E01,301.0
6,624.5859375,627.5221875000001,7,1,01,101,S01E01,301.0
7,632.5340625,642.9459375,7,1,01,101,S01E01,301.0
8,644.1778125000001,648.3290625000001,7,1,01,101,S01E01,301.0
9,649.3415625,650.9953125000001,7,1,01,101,S01E01,301.0
10,650.9953125000001,659.6521875000001,25,1,01,101,S01E01,301.0
11,657.1715625,657.2221875,7,1,01,101,S01E01,301.0
12,657.4246875,657.4921875,7,1,01,101,S01E01,301.0
13,659.6521875000001,659.8378125,3,1,01,101,S01E01,301.0
14,659.8378125,660.0065625000001,25,1,01,101,S01E01,301.0
15,660.0065625000001,660.2428125,3,1,01,101,S01E01,301.0
16,660.2428125,666.1153125000001,7,1,01,101,S01E01,301.0
17,668.1740625000001,674.8734375,7,1,01,101,S01E01,301.0
18,676.5271875000001,677.8603125000001,7,1,01,101,S01E01,301.0
19,677.8603125000001,684.5259375,17,1,01,101,S01E01,301.0
20,685.0153125,695.6971875,17,1,01,101,S01E01,301.0
21,695.6971875,696.5240625,8,1,01,101,S01E01,301.0
22,697.0809375,697.7559375000001,8,1,01,101,S01E01,301.0
23,697.7559375000001,699.5109375000001,22,1,01,101,S01E01,301.0
24,699.5109375000001,704.5059375000001,8,1,01,101,S01E01,301.0
25,704.5059375000001,704.6409375000001,16,1,01,101,S01E01,301.0
26,704.7590625,704.7759375,16,1,01,101,S01E01,301.0
27,704.7759375,704.9446875000001,8,1,01,101,S01E01,301.0
28,704.9446875000001,704.9953125000001,16,1,01,101,S01E01,301.0
29,704.9953125000001,706.5309375,26,1,01,101,S01E01,301.0
30,706.5646875000001,709.9565625,26,1,01,101,S01E01,301.0
31,716.0484375000001,717.8709375000001,7,1,01,101,S01E01,301.0
32,721.2290625,722.0728125,3,1,01,101,S01E01,301.0
33,724.1821875,726.1396875,3,1,01,101,S01E01,301.0
34,729.9871875,730.0378125000001,3,1,01,101,S01E01,301.0
35,730.4765625000001,730.5103125,3,1,01,101,S01E01,301.0
36,730.9828125,732.5184375,3,1,01,101,S01E01,301.0
37,736.9903125000001,739.2009375,3,1,01,101,S01E01,301.0
38,739.2515625000001,739.3190625000001,3,1,01,101,S01E01,301.0
39,746.9803125000001,748.4484375000001,3,1,01,101,S01E01,301.0
40,748.4484375000001,748.4990625,0,1,01,101,S01E01,301.0
41,748.4990625,749.4946875,6,1,01,101,S01E01,301.0
42,749.4946875,749.5284375000001,13,1,01,101,S01E01,301.0
43,749.5284375000001,752.5153125,6,1,01,101,S01E01,301.0
44,759.8390625000001,760.2103125000001,6,1,01,101,S01E01,301.0
45,760.2271875,761.0203125,6,1,01,101,S01E01,301.0
46,766.6565625000001,768.4959375000001,24,1,01,101,S01E01,301.0
47,768.4959375000001,770.8246875000001,3,1,01,101,S01E01,301.0
48,770.9765625000001,771.0103125,3,1,01,101,S01E01,301.0
49,771.3140625000001,772.5459375,3,1,01,101,S01E01,301.0
50,772.5628125000001,773.3896875,3,1,01,101,S01E01,301.0
51,773.7778125000001,774.4359375,3,1,01,101,S01E01,301.0
52,776.9840625,777.0009375000001,3,1,01,101,S01E01,301.0
53,777.9796875000001,778.2496875,3,1,01,101,S01E01,301.0
54,778.9246875,779.7178125,3,1,01,101,S01E01,301.0
55,781.7596875,782.8228125,3,1,01,101,S01E01,301.0
56,782.9915625000001,789.5221875000001,3,1,01,101,S01E01,301.0
57,789.9778125,790.0115625000001,3,1,01,101,S01E01,301.0
58,790.4840625,791.2096875000001,3,1,01,101,S01E01,301.0
59,795.9853125000001,803.5115625000001,3,1,01,101,S01E01,301.0
60,807.4771875,810.5146875,3,1,01,101,S01E01,301.0
61,818.4796875000001,818.5134375,3,1,01,101,S01E01,301.0
62,825.8878125000001,828.0140625,15,1,01,101,S01E01,301.0
63,835.4728125,837.6159375000001,3,1,01,101,S01E01,301.0
64,836.7046875000001,836.9915625000001,24,1,01,101,S01E01,301.0
65,836.9915625000001,837.0928125,10,1,01,101,S01E01,301.0
66,837.6159375000001,838.1390625,10,1,01,101,S01E01,301.0
67,838.1390625,843.3703125000001,3,1,01,101,S01E01,301.0
68,839.8096875000001,839.9446875000001,24,1,01,101,S01E01,301.0
69,839.9446875000001,839.9784375,10,1,01,101,S01E01,301.0
70,840.5184375000001,840.5690625000001,10,1,01,101,S01E01,301.0
71,844.6359375000001,845.4965625000001,3,1,01,101,S01E01,301.0
72,845.4965625000001,845.6315625000001,7,1,01,101,S01E01,301.0
73,845.6315625000001,846.0028125000001,3,1,01,101,S01E01,301.0
74,846.0028125000001,846.1546875,7,1,01,101,S01E01,301.0
75,846.1546875,846.3571875,3,1,01,101,S01E01,301.0
76,846.3571875,846.5259375,7,1,01,101,S01E01,301.0
77,846.9815625000001,847.0153125,7,1,01,101,S01E01,301.0
78,848.9559375000001,849.0234375000001,7,1,01,101,S01E01,301.0
79,849.4790625,849.5634375000001,7,1,01,101,S01E01,301.0
80,849.9853125000001,851.4365625,7,1,01,101,S01E01,301.0
81,851.4871875000001,851.5546875000001,7,1,01,101,S01E01,301.0
82,854.3390625000001,867.3159375,7,1,01,101,S01E01,301.0
83,867.3159375,868.6996875000001,18,1,01,101,S01E01,301.0
84,870.6234375,873.5596875000001,18,1,01,101,S01E01,301.0
85,874.2009375000001,877.1709375,18,1,01,101,S01E01,301.0
86,877.8965625000001,884.3765625000001,18,1,01,101,S01E01,301.0
87,885.6928125000001,888.0046875,18,1,01,101,S01E01,301.0
88,888.0046875,888.5784375000001,5,1,01,101,S01E01,301.0
89,888.5784375000001,889.0003125000001,22,1,01,101,S01E01,301.0
90,889.0003125000001,891.4640625000001,5,1,02,102,S01E02,301.0
91,899.0409375,899.6821875,22,1,02,102,S01E02,301.0
92,899.1928125000001,899.5471875000001,5,1,02,102,S01E02,301.0
93,899.7159375000001,904.6603125,22,1,02,102,S01E02,301.0
94,906.1790625000001,908.4571875,22,1,02,102,S01E02,301.0
95,908.4571875,910.3134375000001,5,1,02,102,S01E02,301.0
96,909.2503125000001,909.2840625000001,22,1,02,102,S01E02,301.0
97,910.3134375000001,912.3215625,22,1,02,102,S01E02,301.0
98,912.3215625,914.6840625000001,5,1,02,102,S01E02,301.0
99,915.0046875,915.0384375000001,5,1,02,102,S01E02,301.0
100,915.4940625,915.5278125000001,5,1,02,102,S01E02,301.0
101,916.0003125000001,916.0340625000001,5,1,02,102,S01E02,301.0
102,917.6878125000001,918.8015625,5,1,02,102,S01E02,301.0
103,919.1896875000001,920.5059375000001,5,1,02,102,S01E02,301.0
104,920.5059375000001,922.9359375,22,1,02,102,S01E02,301.0
105,923.0371875000001,924.9609375000001,22,1,02,102,S01E02,301.0
106,924.9609375000001,926.9859375000001,5,1,02,102,S01E02,301.0
107,928.7071875,931.9303125,5,1,02,102,S01E02,301.0
108,931.9303125,933.1621875000001,22,1,02,102,S01E02,301.0
109,933.9046875,934.8496875000001,22,1,02,102,S01E02,301.0
110,934.8496875000001,935.3221875,5,1,02,102,S01E02,301.0
111,935.6259375000001,938.1571875000001,5,1,02,102,S01E02,301.0
112,938.1571875000001,944.9409375,3,1,02,102,S01E02,301.0
113,944.9409375,945.1434375000001,0,1,02,102,S01E02,301.0
114,945.7003125000001,946.9996875,0,1,02,102,S01E02,301.0
115,946.9996875,947.5059375000001,20,1,02,102,S01E02,301.0
116,947.5059375000001,947.5565625,19,1,02,102,S01E02,301.0
117,947.5565625,947.8771875000001,20,1,02,102,S01E02,301.0
118,962.7271875000001,964.1278125000001,20,1,02,102,S01E02,301.0
119,966.5578125000001,966.9459375000001,20,1,02,102,S01E02,301.0
120,966.9459375000001,974.1853125000001,26,1,02,102,S01E02,301.0
121,971.0296875,971.4684375,24,1,02,102,S01E02,301.0
122,971.4684375,971.5021875000001,18,1,02,102,S01E02,301.0
123,971.5021875000001,971.8903125,24,1,02,102,S01E02,301.0
124,974.1853125000001,976.2609375000001,24,1,02,102,S01E02,301.0
125,976.3959375000001,976.4971875000001,24,1,02,102,S01E02,301.0
126,976.4971875000001,977.6109375000001,25,1,02,102,S01E02,301.0
127,978.1846875000001,982.5046875,25,1,02,102,S01E02,301.0
128,982.5046875,982.8084375000001,16,1,02,102,S01E02,301.0
129,982.8084375000001,982.9434375000001,25,1,02,102,S01E02,301.0
130,982.9434375000001,983.4159375,16,1,02,102,S01E02,301.0
131,983.4159375,983.4496875000001,25,1,02,102,S01E02,301.0
132,983.4496875000001,983.4665625000001,16,1,02,102,S01E02,301.0
133,983.4665625000001,983.5003125000001,25,1,02,102,S01E02,301.0
134,983.5003125000001,983.6859375,16,1,02,102,S01E02,301.0
135,983.6859375,983.9390625000001,25,1,02,102,S01E02,301.0
136,983.9390625000001,987.0103125,16,1,02,102,S01E02,301.0
137,987.1621875000001,991.2121875,16,1,02,102,S01E02,301.0
138,997.4390625000001,1006.5346875000001,16,1,02,102,S01E02,301.0
139,1007.0409375,1008.4584375000001,16,1,02,102,S01E02,301.0
140,1009.1334375000001,1020.9459375000001,16,1,02,102,S01E02,301.0
141,1020.9459375000001,1022.4984375,11,1,02,102,S01E02,301.0
142,1022.4984375,1026.9365625,15,1,02,102,S01E02,301.0
143,1026.9365625,1028.6746875000003,11,1,02,102,S01E02,301.0
144,1029.6196875,1031.4084375000002,11,1,02,102,S01E02,301.0
145,1033.2646875,1033.2984375,11,1,02,102,S01E02,301.0
146,1033.3659375000002,1036.8590625000002,11,1,02,102,S01E02,301.0
147,1038.1921875000003,1038.9009375,11,1,02,102,S01E02,301.0
148,1039.0021875000002,1039.3228125,11,1,02,102,S01E02,301.0
149,1039.5253125000004,1049.1271875000002,11,1,02,102,S01E02,301.0
150,1049.8359375,1050.0553125000001,11,1,02,102,S01E02,301.0
151,1050.0553125000001,1050.1228125000002,15,1,02,102,S01E02,301.0
152,1050.1228125000002,1051.5065625000002,11,1,02,102,S01E02,301.0
153,1051.5065625000002,1051.8103125000002,15,1,02,102,S01E02,301.0
154,1051.8103125000002,1051.9453125,11,1,02,102,S01E02,301.0
155,1051.9453125,1052.5021875000002,15,1,02,102,S01E02,301.0
156,1052.5021875000002,1052.6034375000004,6,1,02,102,S01E02,301.0
157,1052.6034375000004,1053.0084375000001,15,1,02,102,S01E02,301.0
158,1053.0084375000001,1053.2784375,6,1,02,102,S01E02,301.0
159,1053.2784375,1054.5440625,15,1,02,102,S01E02,301.0
160,1054.7803125,1054.9490625000003,15,1,02,102,S01E02,301.0
161,1054.9490625000003,1059.4546875,6,1,02,102,S01E02,301.0
162,1063.9771875000001,1066.9134375000003,8,1,02,102,S01E02,301.0
163,1066.9134375000003,1068.9384375000004,22,1,02,102,S01E02,301.0
164,1068.9384375000004,1069.5965625000003,13,1,02,102,S01E02,301.0
165,1069.7315625,1071.1153125,13,1,02,102,S01E02,301.0
166,1071.6721875000003,1076.2284375000004,13,1,02,102,S01E02,301.0
167,1076.2284375000004,1085.9484375000002,15,1,02,102,S01E02,301.0
168,1083.3665625000003,1083.4509375000002,17,1,02,102,S01E02,301.0
169,1083.4509375000002,1083.5015625,0,1,02,102,S01E02,301.0
170,1083.5015625,1083.6365625000003,26,1,02,102,S01E02,301.0
171,1084.7503125000003,1085.4928125000001,26,1,02,102,S01E02,301.0
172,1085.9484375000002,1095.4490625000003,26,1,02,102,S01E02,301.0
173,1095.4490625000003,1098.3515625,6,1,02,102,S01E02,301.0
174,1098.5878125000004,1101.9965625,6,1,02,102,S01E02,301.0
175,1101.9965625,1102.0303125,8,1,02,102,S01E02,301.0
176,1102.0303125,1104.8653125,26,1,02,102,S01E02,301.0
177,1104.8653125,1105.3884375000002,8,1,02,102,S01E02,301.0
178,1108.6959375000001,1110.9403125000003,13,1,02,102,S01E02,301.0
179,1110.9403125000003,1111.0584375000003,8,1,02,102,S01E02,301.0
180,1113.5559375000003,1115.4459375000001,8,1,02,102,S01E02,301.0
181,1115.4459375000001,1115.6146875000004,0,1,02,102,S01E02,301.0
182,1115.7834375000002,1117.9434375,0,1,02,102,S01E02,301.0
183,1117.9434375,1117.9940625000004,9,1,02,102,S01E02,301.0
184,1117.9940625000004,1118.8546875000002,15,1,02,102,S01E02,301.0
185,1118.8546875000002,1118.9390625,0,1,02,102,S01E02,301.0
186,1118.9390625,1125.5034375,15,1,02,102,S01E02,301.0
187,1125.5034375,1125.5203125000003,5,1,02,102,S01E02,301.0
188,1125.5203125000003,1125.5371875,24,1,02,102,S01E02,301.0
189,1125.5371875,1125.5878125000004,5,1,02,102,S01E02,301.0
190,1125.5878125000004,1125.9928125000001,15,1,02,102,S01E02,301.0
191,1125.9759375000003,1125.9928125000001,5,1,02,102,S01E02,301.0
192,1125.9928125000001,1126.1446875000001,24,1,02,102,S01E02,301.0
193,1126.1446875000001,1126.4990625,15,1,02,102,S01E02,301.0
194,1126.4990625,1126.5496875000003,24,1,02,102,S01E02,301.0
195,1126.5496875000003,1126.8703125000002,5,1,02,102,S01E02,301.0
196,1126.8703125000002,1126.9378125000003,15,1,02,102,S01E02,301.0
197,1126.9378125000003,1127.2584375000001,5,1,02,102,S01E02,301.0
198,1127.2584375000001,1127.3259375000002,15,1,02,102,S01E02,301.0
199,1127.3259375000002,1127.8321875000001,5,1,02,102,S01E02,301.0
200,1129.8909375000003,1131.1059375,24,1,02,102,S01E02,301.0
201,1131.1059375,1134.2109375,13,1,02,102,S01E02,301.0
202,1134.2109375,1135.0884375,26,1,02,102,S01E02,301.0
203,1137.8559375,1138.9528125000002,26,1,02,102,S01E02,301.0
204,1138.9528125000002,1139.2903125000003,5,1,02,102,S01E02,301.0
205,1139.2903125000003,1139.4421875000003,26,1,02,102,S01E02,301.0
206,1139.4421875000003,1139.4928125000001,5,1,02,102,S01E02,301.0
207,1139.4928125000001,1141.7878125000002,3,1,02,102,S01E02,301.0
208,1141.8553125000003,1145.0953125,3,1,02,102,S01E02,301.0
209,1145.0953125,1146.0065625000002,24,1,02,102,S01E02,301.0
210,1146.0065625000002,1146.7828125,3,1,02,102,S01E02,301.0
211,1158.0384375000003,1158.0553125000001,18,1,02,102,S01E02,301.0
212,1158.0553125000001,1158.4434375,3,1,02,102,S01E02,301.0
213,1158.4434375,1158.4940625000004,18,1,02,102,S01E02,301.0
214,1158.4940625000004,1158.6121875000003,8,1,02,102,S01E02,301.0
215,1158.6121875000003,1159.0003125000003,18,1,02,102,S01E02,301.0
216,1159.0003125000003,1159.1690625,8,1,02,102,S01E02,301.0
217,1159.1690625,1159.5065625000002,18,1,02,102,S01E02,301.0
218,1159.5065625000002,1159.8103125000002,8,1,02,102,S01E02,301.0
219,1159.8103125000002,1159.9959375000003,18,1,02,102,S01E02,301.0
220,1159.9959375000003,1161.5315625000003,8,1,02,102,S01E02,301.0
221,1164.5015625,1165.9021875000003,8,1,02,102,S01E02,301.0
222,1166.0034375,1166.0371875,8,1,02,102,S01E02,301.0
223,1166.3409375,1166.5265625000002,8,1,02,102,S01E02,301.0
224,1173.0571875,1178.5078125,3,1,02,102,S01E02,301.0
225,1178.5078125,1181.4778125000003,24,1,02,102,S01E02,301.0
226,1180.4484375000002,1180.4990625,3,1,02,102,S01E02,301.0
227,1180.5159375000003,1180.5665625000001,3,1,02,102,S01E02,301.0
228,1183.3340625,1183.6040625,10,1,02,102,S01E02,301.0
229,300.99093750000003,301.49718750000005,2,1,03,103,S01E03,301.0
230,301.5478125,302.9484375,2,1,03,103,S01E03,301.0
231,302.9484375,303.2015625,9,1,03,103,S01E03,301.0
232,315.30093750000003,315.9928125,1,1,03,103,S01E03,301.0
233,317.10656250000005,317.4271875,14,1,03,103,S01E03,301.0
234,317.4271875,317.44406250000003,1,1,03,103,S01E03,301.0
235,317.44406250000003,317.9334375,14,1,03,103,S01E03,301.0
236,317.9334375,317.95031250000005,1,1,03,103,S01E03,301.0
237,317.95031250000005,318.0009375,14,1,03,103,S01E03,301.0
238,318.0009375,318.54093750000004,2,1,03,103,S01E03,301.0
239,324.0421875,332.00718750000004,23,1,03,103,S01E03,301.0
240,332.00718750000004,332.14218750000003,14,1,03,103,S01E03,301.0
241,332.14218750000003,332.49656250000004,23,1,03,103,S01E03,301.0
242,332.49656250000004,332.85093750000004,14,1,03,103,S01E03,301.0
243,332.85093750000004,332.95218750000004,23,1,03,103,S01E03,301.0
244,332.95218750000004,335.70281250000005,14,1,03,103,S01E03,301.0
245,337.5421875,339.24656250000004,14,1,03,103,S01E03,301.0
246,339.24656250000004,339.66843750000004,23,1,03,103,S01E03,301.0
247,340.3265625,344.00531250000006,23,1,03,103,S01E03,301.0
248,344.00531250000006,350.08031250000005,14,1,03,103,S01E03,301.0
249,351.66656250000005,352.2403125,14,1,03,103,S01E03,301.0
250,352.47656250000006,352.51031250000005,14,1,03,103,S01E03,301.0
251,352.5271875,353.59031250000004,14,1,03,103,S01E03,301.0
252,354.2484375,356.54343750000004,14,1,03,103,S01E03,301.0
253,355.14281250000005,355.49718750000005,23,1,03,103,S01E03,301.0
254,356.9146875,358.38281250000006,14,1,03,103,S01E03,301.0
255,359.14218750000003,362.1965625,14,1,03,103,S01E03,301.0
256,363.96843750000005,364.00218750000005,14,1,03,103,S01E03,301.0
257,364.00218750000005,366.33093750000006,23,1,03,103,S01E03,301.0
258,366.75281250000006,368.54156250000005,23,1,03,103,S01E03,301.0
259,369.0478125,371.1909375,23,1,03,103,S01E03,301.0
260,372.4565625,373.45218750000004,23,1,03,103,S01E03,301.0
261,373.45218750000004,377.46843750000005,14,1,03,103,S01E03,301.0
262,378.4303125,384.4378125,14,1,03,103,S01E03,301.0
263,385.8215625,387.5090625,23,1,03,103,S01E03,301.0
264,388.69031250000006,389.8546875,23,1,03,103,S01E03,301.0
265,390.1078125,401.5321875,23,1,03,103,S01E03,301.0
266,401.5321875,404.4515625,14,1,03,103,S01E03,301.0
267,404.4515625,407.35406250000005,24,1,03,103,S01E03,301.0
268,408.95718750000003,409.00781250000006,24,1,03,103,S01E03,301.0
269,409.07531250000005,409.9359375,24,1,03,103,S01E03,301.0
270,409.9359375,410.0034375,10,1,03,103,S01E03,301.0
271,410.0034375,411.64031250000005,24,1,03,103,S01E03,301.0
272,413.91843750000004,413.9353125,24,1,03,103,S01E03,301.0
273,413.95218750000004,414.79593750000004,24,1,03,103,S01E03,301.0
274,414.79593750000004,427.3678125,4,1,03,103,S01E03,301.0
275,418.28906250000006,418.4409375,10,1,03,103,S01E03,301.0
276,429.9665625,430.00031250000006,4,1,03,103,S01E03,301.0
277,430.23656250000005,432.0084375,4,1,03,103,S01E03,301.0
278,432.19406250000003,432.80156250000005,4,1,03,103,S01E03,301.0
279,433.88156250000003,442.75781250000006,4,1,03,103,S01E03,301.0
280,442.75781250000006,451.49906250000004,10,1,03,103,S01E03,301.0
281,451.49906250000004,451.6340625,22,1,03,103,S01E03,301.0
282,451.6340625,451.65093750000005,10,1,03,103,S01E03,301.0
283,451.65093750000005,451.8365625,22,1,03,103,S01E03,301.0
284,451.8365625,451.88718750000004,10,1,03,103,S01E03,301.0
285,451.88718750000004,452.2584375,22,1,03,103,S01E03,301.0
286,452.2584375,452.44406250000003,10,1,03,103,S01E03,301.0
287,452.44406250000003,452.5453125,22,1,03,103,S01E03,301.0
288,452.5453125,453.43968750000005,10,1,03,103,S01E03,301.0
289,453.43968750000005,453.67593750000003,22,1,03,103,S01E03,301.0
290,453.67593750000003,453.9459375,10,1,03,103,S01E03,301.0
291,453.9459375,455.54906250000005,22,1,03,103,S01E03,301.0
292,465.96093750000006,465.99468750000005,3,1,03,103,S01E03,301.0
293,465.99468750000005,466.0115625,21,1,03,103,S01E03,301.0
294,466.4671875,466.5009375,21,1,03,103,S01E03,301.0
295,466.97343750000005,467.49656250000004,3,1,03,103,S01E03,301.0
296,473.97656250000006,474.07781250000005,3,1,03,103,S01E03,301.0
297,474.46593750000005,474.49968750000005,3,1,03,103,S01E03,301.0
298,481.51968750000003,483.94968750000004,1,1,03,103,S01E03,301.0
299,483.94968750000004,485.99156250000004,22,1,03,103,S01E03,301.0
300,485.99156250000004,486.90281250000004,19,1,03,103,S01E03,301.0
301,487.89843750000006,488.7590625,19,1,03,103,S01E03,301.0
302,488.7590625,488.9615625,4,1,03,103,S01E03,301.0
303,489.6365625,490.00781250000006,4,1,03,103,S01E03,301.0
304,490.00781250000006,490.24406250000004,19,1,03,103,S01E03,301.0
305,490.24406250000004,491.12156250000004,4,1,03,103,S01E03,301.0
306,491.44218750000005,492.2015625,4,1,03,103,S01E03,301.0
307,492.60656250000005,494.10843750000004,4,1,03,103,S01E03,301.0
308,494.10843750000004,497.56781250000006,19,1,03,103,S01E03,301.0
309,497.6521875,508.7221875,19,1,03,103,S01E03,301.0
310,510.20718750000003,511.50656250000003,19,1,03,103,S01E03,301.0
311,511.50656250000003,511.99593749999997,1,1,03,103,S01E03,301.0
312,511.99593749999997,514.1728125000001,19,1,03,103,S01E03,301.0
313,515.5734375000001,515.9278125000001,19,1,03,103,S01E03,301.0
314,515.9278125000001,515.9446875,1,1,03,103,S01E03,301.0
315,515.9446875,516.5690625000001,19,1,03,103,S01E03,301.0
316,549.0871875,549.9984375,5,1,03,103,S01E03,301.0
317,551.1459375000001,551.1965625,10,1,03,103,S01E03,301.0
318,551.1965625,553.4915625000001,5,1,03,103,S01E03,301.0
319,553.6434375,555.5840625000001,5,1,03,103,S01E03,301.0
320,555.9384375000001,556.9846875000001,5,1,03,103,S01E03,301.0
321,559.5159375000001,559.9378125000001,5,1,03,103,S01E03,301.0
322,559.9378125000001,560.0053125000001,6,1,03,103,S01E03,301.0
323,560.0053125000001,560.4440625000001,5,1,03,103,S01E03,301.0
324,560.4440625000001,560.4946875,6,1,03,103,S01E03,301.0
325,560.4946875,560.7309375000001,5,1,03,103,S01E03,301.0
326,567.2784375,567.4978125,15,1,03,103,S01E03,301.0
327,567.4978125,567.6496875,5,1,03,103,S01E03,301.0
328,567.6496875,569.3878125,15,1,03,103,S01E03,301.0
329,571.1596875,571.6996875000001,24,1,03,103,S01E03,301.0
330,571.6996875000001,572.6278125,5,1,03,103,S01E03,301.0
331,573.6234375,574.0115625000001,24,1,03,103,S01E03,301.0
332,574.0115625000001,574.0284375,2,1,03,103,S01E03,301.0
333,575.3446875000001,576.6778125000001,5,1,03,103,S01E03,301.0
334,576.7790625,576.7959375,5,1,03,103,S01E03,301.0
335,584.4740625000001,585.4528125,10,1,03,103,S01E03,301.0
336,585.4528125,585.5034375,24,1,03,103,S01E03,301.0
337,585.5034375,585.5371875000001,5,1,03,103,S01E03,301.0
338,585.8578125,585.9253125,5,1,03,103,S01E03,301.0
339,585.9253125,585.9421875,10,1,03,103,S01E03,301.0
340,585.9421875,587.1909375,5,1,03,103,S01E03,301.0
341,592.2196875000001,592.4221875000001,10,1,03,103,S01E03,301.0
342,593.1478125000001,595.4428125000001,10,1,03,103,S01E03,301.0
343,595.4765625,595.4934375,10,1,03,103,S01E03,301.0
344,595.7128125,595.9659375,10,1,03,103,S01E03,301.0
345,1186.9959375000003,1187.9746875,10,1,04,104,S01E04,301.0
346,1187.9746875,1193.9484375000002,4,1,04,104,S01E04,301.0
347,1190.2528125000003,1191.4678125,10,1,04,104,S01E04,301.0
348,1193.9484375000002,1194.3871875,10,1,04,104,S01E04,301.0
349,1194.3871875,1194.4378125000003,4,1,04,104,S01E04,301.0
350,1194.4378125000003,1194.9440625000002,10,1,04,104,S01E04,301.0
351,1194.9440625000002,1195.4165625,22,1,04,104,S01E04,301.0
352,1195.4165625,1195.4503125,10,1,04,104,S01E04,301.0
353,1195.4503125,1195.5009375000004,22,1,04,104,S01E04,301.0
354,1195.5009375000004,1197.0028125000003,10,1,04,104,S01E04,301.0
355,1197.0028125000003,1197.1378125,8,1,04,104,S01E04,301.0
356,1197.1378125,1197.4921875,10,1,04,104,S01E04,301.0
357,1197.4921875,1197.8971875000002,8,1,04,104,S01E04,301.0
358,1197.8971875000002,1197.9984375000004,10,1,04,104,S01E04,301.0
359,1197.9984375000004,1198.2684375000003,8,1,04,104,S01E04,301.0
360,1198.2684375000003,1198.3190625000002,22,1,04,104,S01E04,301.0
361,1198.3190625000002,1198.5046875000003,10,1,04,104,S01E04,301.0
362,1198.5553125000001,1199.3315625,8,1,04,104,S01E04,301.0
363,1199.9390625,1200.5128125,8,1,04,104,S01E04,301.0
364,1200.5465625000002,1200.5634375000004,8,1,04,104,S01E04,301.0
365,1202.2003125,1205.4403125000003,8,1,04,104,S01E04,301.0
366,1205.4403125000003,1205.9128125000002,22,1,04,104,S01E04,301.0
367,1205.9128125000002,1205.9465625000003,8,1,04,104,S01E04,301.0
368,1205.9465625000003,1206.1490625000001,22,1,04,104,S01E04,301.0
369,1212.3421875000004,1213.4559375000003,3,1,04,104,S01E04,301.0
370,1213.5065625000002,1213.5403125000003,3,1,04,104,S01E04,301.0
371,1213.9621875000003,1216.4596875000002,3,1,04,104,S01E04,301.0
372,1216.4596875000002,1216.4934375000003,6,1,04,104,S01E04,301.0
373,1216.4934375000003,1218.7546875000003,5,1,04,104,S01E04,301.0
374,1224.1040625,1224.4415625000001,6,1,04,104,S01E04,301.0
375,1224.4415625000001,1227.0740625000003,15,1,04,104,S01E04,301.0
376,1228.5759375000002,1229.0146875,15,1,04,104,S01E04,301.0
377,1230.6178125000001,1231.4784375000004,13,1,04,104,S01E04,301.0
378,1231.4784375000004,1231.9003125000004,15,1,04,104,S01E04,301.0
379,1232.1534375,1239.4434375,15,1,04,104,S01E04,301.0
380,1239.4434375,1241.9578125000003,5,1,04,104,S01E04,301.0
381,1241.9578125000003,1243.4934375000003,24,1,04,104,S01E04,301.0
382,1243.4934375000003,1243.5103125,15,1,04,104,S01E04,301.0
383,1243.5103125,1243.9996875000002,24,1,04,104,S01E04,301.0
384,1243.9996875000002,1244.2359375,15,1,04,104,S01E04,301.0
385,1244.2359375,1244.5059375,24,1,04,104,S01E04,301.0
386,1244.5059375,1245.4509375000002,15,1,04,104,S01E04,301.0
387,1245.4509375000002,1245.5015625,24,1,04,104,S01E04,301.0
388,1245.5015625,1245.7884375000003,15,1,04,104,S01E04,301.0
389,1245.7884375000003,1245.9403125000003,24,1,04,104,S01E04,301.0
390,1245.9403125000003,1247.5265625000002,15,1,04,104,S01E04,301.0
391,1246.6828125000002,1247.0034375,3,1,04,104,S01E04,301.0
392,1249.4671875000004,1251.8128125000003,15,1,04,104,S01E04,301.0
393,1251.8128125000003,1252.0490625000002,16,1,04,104,S01E04,301.0
394,1252.1840625,1253.1121875000003,16,1,04,104,S01E04,301.0
395,1253.6184375000003,1255.3396875000003,16,1,04,104,S01E04,301.0
396,1261.2965625000002,1264.5028125000003,13,1,04,104,S01E04,301.0
397,1264.5028125000003,1269.0928125,10,1,04,104,S01E04,301.0
398,1274.4421875000003,1274.8640625000003,10,1,04,104,S01E04,301.0
399,1276.1128125,1283.3521875000001,10,1,04,104,S01E04,301.0
400,1284.7865625000004,1285.9509375000002,10,1,04,104,S01E04,301.0
401,1285.9509375000002,1286.0015625,3,1,04,104,S01E04,301.0
402,1286.0015625,1286.2884375000003,24,1,04,104,S01E04,301.0
403,1286.2884375000003,1286.4403125000003,10,1,04,104,S01E04,301.0
404,1286.4403125000003,1286.4740625000004,24,1,04,104,S01E04,301.0
405,1286.4740625000004,1286.5078125,3,1,04,104,S01E04,301.0
406,1286.5078125,1286.5584375000003,24,1,04,104,S01E04,301.0
407,1286.5584375000003,1286.9465625000003,3,1,04,104,S01E04,301.0
408,1286.9465625000003,1287.5034375,24,1,04,104,S01E04,301.0
409,1287.5034375,1287.8240625000003,13,1,04,104,S01E04,301.0
410,1287.9084375000002,1288.3303125000002,13,1,04,104,S01E04,301.0
411,1288.3303125000002,1288.7015625000004,24,1,04,104,S01E04,301.0
412,1288.7015625000004,1288.7353125000004,13,1,04,104,S01E04,301.0
413,1288.7353125000004,1288.9378125000003,24,1,04,104,S01E04,301.0
414,1288.9378125000003,1289.4440625000002,13,1,04,104,S01E04,301.0
415,1289.4440625000002,1289.4946875,24,1,04,104,S01E04,301.0
416,1289.4946875,1289.8321875000001,13,1,04,104,S01E04,301.0
417,1289.8321875000001,1289.9503125,24,1,04,104,S01E04,301.0
418,1289.9503125,1296.0590625,13,1,04,104,S01E04,301.0
419,1296.0590625,1296.1940625000002,10,1,04,104,S01E04,301.0
420,1302.4209375,1302.7415625000003,5,1,04,104,S01E04,301.0
421,1304.4290625000003,1304.4459375000001,24,1,04,104,S01E04,301.0
422,1304.4459375000001,1306.5046875000003,0,1,04,104,S01E04,301.0
423,1306.5046875000003,1307.2640625000004,3,1,04,104,S01E04,301.0
424,1308.5634375000004,1312.2590625000003,3,1,04,104,S01E04,301.0
425,1313.2378125,1313.7440625000004,3,1,04,104,S01E04,301.0
426,1325.2696875000001,1325.3371875000003,5,1,04,104,S01E04,301.0
427,1325.5734375000002,1325.5903125000004,5,1,04,104,S01E04,301.0
428,1326.0121875000004,1326.0459375,5,1,04,104,S01E04,301.0
429,1330.7878125000002,1332.3403125000004,5,1,04,104,S01E04,301.0
430,1336.0021875000002,1336.5928125,6,1,04,104,S01E04,301.0
431,1337.8753125000003,1340.2715625,6,1,04,104,S01E04,301.0
432,1342.9040625000002,1345.4353125000002,6,1,04,104,S01E04,301.0
433,1345.4353125000002,1346.7178125,5,1,04,104,S01E04,301.0
434,1350.4978125000002,1354.0078125,5,1,04,104,S01E04,301.0
435,1352.9446875000003,1353.0290625000002,6,1,04,104,S01E04,301.0
436,1354.0078125,1354.0584375000003,6,1,04,104,S01E04,301.0
437,1354.0584375000003,1354.4971875,5,1,04,104,S01E04,301.0
438,1354.4971875,1359.4415625000001,6,1,04,104,S01E04,301.0
439,1359.4415625000001,1359.8465625000003,5,1,04,104,S01E04,301.0
440,1359.8465625000003,1359.9478125,6,1,04,104,S01E04,301.0
441,1359.9478125,1361.6184375000003,5,1,04,104,S01E04,301.0
442,1362.9515625000004,1366.3096875,5,1,04,104,S01E04,301.0
443,1366.3096875,1366.4446875000003,6,1,04,104,S01E04,301.0
444,1366.4446875000003,1367.5078125,5,1,04,104,S01E04,301.0
445,1367.5078125,1367.5246875000003,24,1,04,104,S01E04,301.0
446,1367.5246875000003,1367.6765625000003,5,1,04,104,S01E04,301.0
447,1369.0603125000002,1369.4146875000001,24,1,04,104,S01E04,301.0
448,1369.4146875000001,1369.5159375000003,5,1,04,104,S01E04,301.0
449,1369.5159375000003,1370.0896875000003,24,1,04,104,S01E04,301.0
450,1370.0896875000003,1370.6971875000004,5,1,04,104,S01E04,301.0
451,1370.6971875000004,1371.9965625000004,24,1,04,104,S01E04,301.0
452,1371.9965625000004,1372.1315625000002,5,1,04,104,S01E04,301.0
453,1372.1315625000002,1373.4478125,24,1,04,104,S01E04,301.0
454,1373.4478125,1373.4984375000004,5,1,04,104,S01E04,301.0
455,1373.4984375000004,1373.5828125000003,24,1,04,104,S01E04,301.0
456,1374.5278125000004,1378.4934375000003,5,1,04,104,S01E04,301.0
457,1379.4721875,1380.1134375000001,5,1,04,104,S01E04,301.0
458,1383.5896875000003,1383.9609375,5,1,04,104,S01E04,301.0
459,1384.0115625000003,1384.0284375,5,1,04,104,S01E04,301.0
460,1385.6990625000003,1386.2390625000003,5,1,04,104,S01E04,301.0
461,1388.3821875000003,1389.1246875000002,5,1,04,104,S01E04,301.0
462,1391.0146875,1391.3184375,5,1,04,104,S01E04,301.0
463,1392.7528125000003,1394.3390625000002,5,1,04,104,S01E04,301.0
464,1395.3178125000004,1397.6465625,5,1,04,104,S01E04,301.0
465,1397.6465625,1397.7309375000004,6,1,04,104,S01E04,301.0
466,1397.7309375000004,1398.5071875000003,5,1,04,104,S01E04,301.0
467,1398.5071875000003,1400.0765625000004,6,1,04,104,S01E04,301.0
468,1400.8528125000003,1401.5784375000003,6,1,04,104,S01E04,301.0
469,1404.1434375000003,1405.1390625000004,6,1,04,104,S01E04,301.0
470,1405.6284375,1408.4465625000003,6,1,04,104,S01E04,301.0
471,1408.4465625000003,1408.8684375000003,5,1,04,104,S01E04,301.0
472,1409.1721875000003,1409.4421875000003,6,1,04,104,S01E04,301.0
473,1409.4421875000003,1409.4928125000001,5,1,04,104,S01E04,301.0
474,1409.4928125000001,1409.7459375000003,26,1,04,104,S01E04,301.0
475,1409.7459375000003,1409.7796875000004,5,1,04,104,S01E04,301.0
476,1409.7796875000004,1409.9484375000002,6,1,04,104,S01E04,301.0
477,1409.9484375000002,1409.9990625,5,1,04,104,S01E04,301.0
478,1409.9990625,1410.3703125000002,26,1,04,104,S01E04,301.0
479,1410.3703125000002,1410.5053125000004,5,1,04,104,S01E04,301.0
480,1410.5053125000004,1410.7921875000002,26,1,04,104,S01E04,301.0
481,1410.7921875000002,1411.0453125000004,5,1,04,104,S01E04,301.0
482,1411.0453125000004,1411.2984375,26,1,04,104,S01E04,301.0
483,1411.9228125000004,1413.8971875000002,26,1,04,104,S01E04,301.0
484,1413.8971875000002,1413.9309375000003,5,1,04,104,S01E04,301.0
485,1413.9309375000003,1413.9478125,26,1,04,104,S01E04,301.0
486,1413.9478125,1414.0996875,5,1,04,104,S01E04,301.0
487,1414.0996875,1414.4371875000002,26,1,04,104,S01E04,301.0
488,1414.4371875000002,1422.9759375000003,5,1,04,104,S01E04,301.0
489,1424.8996875000003,1425.9965625000004,5,1,04,104,S01E04,301.0
490,1425.9965625000004,1426.2159375,3,1,04,104,S01E04,301.0
491,1426.9584375000004,1428.0890625000002,3,1,04,104,S01E04,301.0
492,1431.3796875000003,1431.7509375000004,5,1,04,104,S01E04,301.0
493,1432.6284375,1433.6915625000001,5,1,04,104,S01E04,301.0
494,1435.9528125000002,1437.4378125000003,5,1,04,104,S01E04,301.0
495,1447.7821875000004,1448.7440625000004,5,1,04,104,S01E04,301.0
496,1449.7059375000003,1450.4484375000002,5,1,04,104,S01E04,301.0
497,1450.4484375000002,1450.8196875000003,16,1,04,104,S01E04,301.0
498,1450.8196875000003,1450.9378125000003,5,1,04,104,S01E04,301.0
499,1450.9378125000003,1451.2584375000001,16,1,04,104,S01E04,301.0
500,1457.1309375,1458.5146875,0,1,04,104,S01E04,301.0
501,1460.5565625000004,1461.9909375000002,0,1,04,104,S01E04,301.0
502,1462.0078125,1462.0246875000003,0,1,04,104,S01E04,301.0
503,1472.7403125,1473.9721875,0,1,04,104,S01E04,301.0
504,1473.9721875,1475.4740625000004,4,1,04,104,S01E04,301.0
505,1475.4740625000004,1482.9834375,0,1,04,104,S01E04,301.0
506,0.4978125,0.9365625000000001,22,1,05,105,S01E05,301.0
507,2.2528125,3.0121875000000005,22,1,05,105,S01E05,301.0
508,5.712187500000001,6.0834375000000005,2,1,05,105,S01E05,301.0
509,8.783437500000002,9.897187500000001,2,1,05,105,S01E05,301.0
510,11.2809375,12.2259375,2,1,05,105,S01E05,301.0
511,14.520937500000002,16.3096875,22,1,05,105,S01E05,301.0
512,16.4615625,16.4953125,22,1,05,105,S01E05,301.0
513,17.0521875,17.9971875,24,1,05,105,S01E05,301.0
514,19.9546875,21.3215625,2,1,05,105,S01E05,301.0
515,26.7046875,29.8096875,22,1,05,105,S01E05,301.0
516,29.8096875,31.8684375,24,1,05,105,S01E05,301.0
517,32.087812500000005,32.610937500000006,24,1,05,105,S01E05,301.0
518,34.517812500000005,35.580937500000005,24,1,05,105,S01E05,301.0
519,36.3740625,41.470312500000006,24,1,05,105,S01E05,301.0
520,50.954062500000006,54.987187500000005,3,1,05,105,S01E05,301.0
521,68.1834375,68.2003125,1,1,05,105,S01E05,301.0
522,68.2003125,68.2509375,5,1,05,105,S01E05,301.0
523,68.2509375,68.3015625,2,1,05,105,S01E05,301.0
524,68.3015625,68.6728125,5,1,05,105,S01E05,301.0
525,70.0565625,76.1484375,5,1,05,105,S01E05,301.0
526,76.1484375,77.2621875,9,1,05,105,S01E05,301.0
527,80.1984375,86.4421875,9,1,05,105,S01E05,301.0
528,87.3196875,88.6865625,5,1,05,105,S01E05,301.0
529,92.7196875,93.2259375,5,1,05,105,S01E05,301.0
530,96.8878125,98.3559375,9,1,05,105,S01E05,301.0
531,98.6428125,99.0984375,5,1,05,105,S01E05,301.0
532,100.2459375,101.2753125,5,1,05,105,S01E05,301.0
533,103.45218750000001,106.0846875,9,1,05,105,S01E05,301.0
534,106.3040625,111.7715625,9,1,05,105,S01E05,301.0
535,114.64031250000001,114.9946875,5,1,05,105,S01E05,301.0
536,117.8971875,119.1290625,5,1,05,105,S01E05,301.0
537,121.35656250000001,129.49031250000002,5,1,05,105,S01E05,301.0
538,133.4221875,143.56406249999998,9,1,05,105,S01E05,301.0
539,143.95218749999998,144.15468750000002,9,1,05,105,S01E05,301.0
540,144.4584375,145.99406249999998,9,1,05,105,S01E05,301.0
541,147.2765625,148.30593750000003,5,1,05,105,S01E05,301.0
542,150.44906250000003,151.7315625,5,1,05,105,S01E05,301.0
543,154.9378125,160.3884375,5,1,05,105,S01E05,301.0
544,173.1796875,176.8753125,26,1,05,105,S01E05,301.0
545,185.14406250000002,185.5828125,4,1,05,105,S01E05,301.0
546,185.5828125,189.9871875,21,1,05,105,S01E05,301.0
547,190.03781250000003,192.63656250000003,12,1,05,105,S01E05,301.0
548,193.6490625,194.03718750000002,12,1,05,105,S01E05,301.0
549,198.93093750000003,201.32718750000004,22,1,05,105,S01E05,301.0
550,202.8121875,204.5671875,22,1,05,105,S01E05,301.0
551,204.5671875,205.3771875,12,1,05,105,S01E05,301.0
552,205.7990625,207.85781250000002,12,1,05,105,S01E05,301.0
553,208.63406250000003,211.1821875,21,1,05,105,S01E05,301.0
554,211.4353125,211.8571875,21,1,05,105,S01E05,301.0
555,212.6334375,224.4290625,12,1,05,105,S01E05,301.0
556,215.2659375,215.83968750000003,21,1,05,105,S01E05,301.0
557,225.25593750000002,238.6040625,12,1,05,105,S01E05,301.0
558,239.1271875,239.92031250000002,21,1,05,105,S01E05,301.0
559,240.83156250000002,241.54031250000003,21,1,05,105,S01E05,301.0
560,247.0078125,249.87656250000003,12,1,05,105,S01E05,301.0
561,272.55656250000004,275.2396875,2,1,05,105,S01E05,301.0
562,274.6153125,277.93968750000005,0,1,05,105,S01E05,301.0
563,276.4378125,276.45468750000003,2,1,05,105,S01E05,301.0
564,278.9690625,279.72843750000004,2,1,05,105,S01E05,301.0
565,281.44968750000004,283.10343750000004,2,1,05,105,S01E05,301.0
566,293.6671875,298.15593750000005,2,1,05,105,S01E05,301.0
567,299.62406250000004,299.9615625,2,1,05,105,S01E05,301.0
568,299.6746875,299.69156250000003,3,1,05,105,S01E05,301.0
569,299.8265625,299.8603125,3,1,05,105,S01E05,301.0
